sku,codigo_externo,producto,activo,resultado,motivo,resultado_final
0763571664780,0763571664780,"ACEITE DE GIRASOL ""RICOLEO"" X 4,5LT",si,SE BORRARÍA,,BORRADO
7798117210209,7798117210209,ACEITE EL CORTIJO X 900ML,si,SE BORRARÍA,,BORRADO
736684221355,736684221355,ACEITE FLORENCIA X 5LTR,si,SE BORRARÍA,,BORRADO
7798114151383,7798114151383,ACEITE GIRASOL CHEFF X 900,si,SE BORRARÍA,,BORRADO
7703111228754,7703111228754,ACEITE GIRASOL GIRASOLES X 5 LTR,si,SE BORRARÍA,,BORRADO
7793377000317,7793377000317,ACEITE LAGRIMAS DE SOL X 900,si,SE BORRARÍA,,BORRADO
7798316700808,7798316700808,ACEITE LEGITIMO GIRASOL X900,si,SE BORRARÍA,,BORRADO
7798366740274,7798366740274,ACEITE MANCERA GIRASOL X 900,si,SE BORRARÍA,,BORRADO
7790272001029,7790272001029,"ACEITE NATURA X 1,5 LTR",si,SE BORRARÍA,,BORRADO
7798080522170,7798080522170,ACEITE OLIVA LA TOSCANA X 250,si,SE BORRARÍA,,BORRADO
7790070231635,7790070231635,ACEITE OLIVA LIRA EXTRA VIRGEN X25OML,si,SE BORRARÍA,,BORRADO
7790272005577,7790272005577,ACEITE SOJOLA X 1.5L,si,SE BORRARÍA,,BORRADO
6546879486,6546879486,ACEITUNAS DESCAROSADAS KG,si,SE BORRARÍA,,BORRADO
7798038942241,7798038942241,ACEITUNAS DESCAROZADAS FRONTON X 200GR,si,SE BORRARÍA,,BORRADO
7798038945129,7798038945129,ACEITUNAS DESCAROZADAS FRONTON X 300 GR,si,SE BORRARÍA,,BORRADO
7798038945136,7798038945136,ACEITUNAS FRONTON EN RODAJAS X 300,si,SE BORRARÍA,,BORRADO
7798038942210,7798038942210,ACEITUNAS FRONTON NEGRAS X 100 GR,si,SE BORRARÍA,,BORRADO
7798038945099,7798038945099,ACEITUNAS FRONTON RELLENAS X 300,si,SE BORRARÍA,,BORRADO
7798038945105,7798038945105,ACEITUNAS FRONTON VERDES X 300,si,SE BORRARÍA,,BORRADO
7793551001536,7793551001536,ACEITUNAS MARVAVIC VERDES X 300GR,si,SE BORRARÍA,,BORRADO
7792070001102,7792070001102,ACEITUNAS NUCETE DESC. X 300,si,SE BORRARÍA,,BORRADO
7792070001119,7792070001119,ACEITUNAS NUCETE VERDES X 300,si,SE BORRARÍA,,BORRADO
7798038942203,7798038942203,ACEITUNAS VERDES EN SALMUERA X 200GR,si,SE BORRARÍA,,BORRADO
54458923323,54458923323,ACEITUNAS X KG,si,SE BORRARÍA,,BORRADO
7791293033389,7791293033389,ACOND TRESEMME KERATINA Y PERLA X 200ML.,si,SE BORRARÍA,,BORRADO
7791293039718,7791293039718,ACOND. SEDAL X 120,si,SE BORRARÍA,,BORRADO
7790895643804,7790895643804,ADES ANANA X 1L.,si,SE BORRARÍA,,BORRADO
7790895643835,7790895643835,ADES MANZANA X 1LTR,si,SE BORRARÍA,,BORRADO
7790895643842,7790895643842,ADES NARANJA X 1LTR,si,SE BORRARÍA,,BORRADO
7790895643859,7790895643859,ADES SOJA X 1LTR,si,SE BORRARÍA,,BORRADO
7790036975566,7790036975566,"AGUA DE MESA FRESH X 6,5 LTR",si,SE BORRARÍA,,BORRADO
7797257000121,7797257000121,"AGUA MINERAL ""IVESS"" X 500ML",si,SE BORRARÍA,,BORRADO
7790036974521,7790036974521,AGUA MINERAL FRESH X 600,si,SE BORRARÍA,,BORRADO
7798065733485,7798065733485,"AGUA MINERAL SIERRA DE LOS PADRES X 1,5",si,SE BORRARÍA,,BORRADO
7798065730873,7798065730873,"AGUA MINERAL SIERRA DE LOS PADRES X 6,5 LTR",si,SE BORRARÍA,,BORRADO
7798065731924,7798065731924,"AGUA SAB. SIERRA DE LOS PADRES CITRUS X 1,5",si,SE BORRARÍA,,BORRADO
7790036974361,7790036974361,AGUA SABORIZADA FRESH MANZ X 600,si,SE BORRARÍA,,BORRADO
7790036974347,7790036974347,AGUA SABORIZADA FRESH NAR. X 600,si,SE BORRARÍA,,BORRADO
7791290793248,7791290793248,ALA LIQ. DILUIR X150ML + BOTELLA,si,SE BORRARÍA,,BORRADO
7790040659605,7790040659605,ALFAJOR BLOCK,si,SE BORRARÍA,,BORRADO
77987839,77987839,ALFAJOR DE ARROZ LULEMUU [77987839],si,SE BORRARÍA,,BORRADO
77987846,77987846,ALFAJOR DE ARROZ LULEMUU [77987846],si,SE BORRARÍA,,BORRADO
7796319000253,7796319000253,ALFAJOR FANTASIO DOS BCO,si,SE BORRARÍA,,BORRADO
7796319000192,7796319000192,ALFAJOR FANTASIO NEGRO TRES,si,SE BORRARÍA,,BORRADO
7796319000208,7796319000208,ALFAJOR FANTASIO TRES BCO,si,SE BORRARÍA,,BORRADO
7796319000123,7796319000123,ALFAJOR GULIVER TRES BCO,si,SE BORRARÍA,,BORRADO
7796319000109,7796319000109,ALFAJOR GULIVER TRES NEGRO,si,SE BORRARÍA,,BORRADO
7622300835620,7622300835620,ALFAJOR MILKA OREO,si,SE BORRARÍA,,BORRADO
77903778,77903778,ALFAJOR MILKA TRIPLE DDL,si,SE BORRARÍA,,BORRADO
77908193,77908193,ALFAJOR NAVARES NEGRO SIMPLE X40GR.,si,SE BORRARÍA,,BORRADO
77976307,77976307,ALFAJOR OREO TRIPLE X 56GR,si,SE BORRARÍA,,BORRADO
7790040331303,7790040331303,ALFAJOR TATIN BLANCO SIMPLE,si,SE BORRARÍA,,BORRADO
77903792,77903792,ALFAJOR TERRABUSI TRIPLE DDL,si,SE BORRARÍA,,BORRADO
77903860,77903860,ALFAJOR TERRABUSI TRIPLE TORTA,si,SE BORRARÍA,,BORRADO
7798171733096,7798171733096,ALFAJOR TUKI BLANCO,si,SE BORRARÍA,,BORRADO
7798171733089,7798171733089,ALFAJOR TUKI NEGRO,si,SE BORRARÍA,,BORRADO
DDFKDKGFGKJ,DDFKDKGFGKJ,ALFAJORES CHELO X UN.,si,SE BORRARÍA,,BORRADO
7798182892416,7798182892416,ALFAJORES GULA,si,SE BORRARÍA,,BORRADO
7790040331204,7790040331204,ALFAJR TATIN SIMPLE NEGRO,si,SE BORRARÍA,,BORRADO
7790940003034,7790940003034,ALGODON DONCELLA X 70 GR,si,SE BORRARÍA,,BORRADO
0119,0119,ALIM. BALANCEADO CHUMBALE PERROS X 15 KG,si,SE BORRARÍA,,BORRADO
0118,0118,ALIM. BALANCEADO P/GATOS CHUMBALE X 10 KG,si,SE BORRARÍA,,BORRADO
7798067032098,7798067032098,ALIM. LACTEO EQUILIBRIO X 800,si,SE BORRARÍA,,BORRADO
7794270003061,7794270003061,ALIMENTO BALANC. FLEKY GATOS X 10 KG,si,SE BORRARÍA,,BORRADO
7794270801742,7794270801742,ALIMENTO BALANC. PERROS FLEKY X 15 KG,si,SE BORRARÍA,,BORRADO
7794270001142,7794270001142,ALIMENTO DE PERROS BACAN PLUS X15 KG,si,SE BORRARÍA,,BORRADO
7791416069257,7791416069257,ALIMENTO GAUCHO GATOS X 500,si,SE BORRARÍA,,BORRADO
7798067032104,7798067032104,ALIMENTO LACTEO EQUILIBRIO X 400,si,SE BORRARÍA,,BORRADO
7791416001301,7791416001301,ALIMENTO RAZA GATOS X 500,si,SE BORRARÍA,,BORRADO
7794270801957,7794270801957,ALIMENTOS PARA GATOS BACAN X 10KG,si,SE BORRARÍA,,BORRADO
7791775000441,7791775000441,ALMIDON DE MAIZ CHEVALIER X 200GR,si,SE BORRARÍA,,BORRADO
7791305500021,7791305500021,ANANA FRIZZ TUNUYAN 710,si,SE BORRARÍA,,BORRADO
7792710001578,7792710001578,ARROZ AMANDA LARGO FINO 500G,si,SE BORRARÍA,,BORRADO
7795499000350,7795499000350,ARROZ DULCINEA X 500,si,SE BORRARÍA,,BORRADO
7798138553088,7798138553088,ARROZ INTEGRAL MOLTO X 500,si,SE BORRARÍA,,BORRADO
7795016100044,7795016100044,ARROZ LUCATO X 1KG,si,SE BORRARÍA,,BORRADO
7797470003718,7797470003718,ARROZ MAROLIO X 1KG,si,SE BORRARÍA,,BORRADO
7791120100970,7791120100970,ARROZ MOLINOS ALA ITÁ CAABÓ X 500 GR,si,SE BORRARÍA,,BORRADO
7792665010427,7792665010427,ARROZ MONARCA X 500GR,si,SE BORRARÍA,,BORRADO
700083655288,700083655288,ARROZ PROTAGONISTA X 1KG,si,SE BORRARÍA,,BORRADO
7798082970092,7798082970092,ARROZ SAN JAVIER X 1KG,si,SE BORRARÍA,,BORRADO
7798082970108,7798082970108,ARROZ SAN JAVIER X 500GR,si,SE BORRARÍA,,BORRADO
7798038945631,7798038945631,ARVEJAS FRONTON LATA X 350gr,si,SE BORRARÍA,,BORRADO
7798038943767,7798038943767,ARVEJAS PART. FRONTON BOLSA X 400,si,SE BORRARÍA,,BORRADO
7798049540290,7798049540290,ARVEJAS PART. LA ABADIA BOLSA X 400,si,SE BORRARÍA,,BORRADO
7290004991357,7290004991357,ATUN FRONTON AL NAT. X 170gr,si,SE BORRARÍA,,BORRADO
7798049540580,7798049540580,AVENA LA ABADIA X 400,si,SE BORRARÍA,,BORRADO
7793253003234,7793253003234,AYUDIN ROPA COLOR D.P X 450,si,SE BORRARÍA,,BORRADO
721450785872,721450785872,AZUCAR DOLCE X 1KG,si,SE BORRARÍA,,BORRADO
7795422002383,7795422002383,AZUCAR FRAU X 1KG,si,SE BORRARÍA,,BORRADO
7791775000434,7791775000434,AZUCAR IMPALPABLE CHEVALIER X 200G,si,SE BORRARÍA,,BORRADO
7798050840051,7798050840051,AZUCAR IMPALPABLE DADO X 200,si,SE BORRARÍA,,BORRADO
7798050840044,7798050840044,AZUCAR IMPALPABLE DADO X 400,si,SE BORRARÍA,,BORRADO
7794011000021,7794011000021,AZUCAR RRR X 1 KG,si,SE BORRARÍA,,BORRADO
710228316981,710228316981,AZUCAR SAN VICENTE X 1KG,si,SE BORRARÍA,,BORRADO
7790036000350,7790036000350,BAGGIO PRONTO PERA X LT.,si,SE BORRARÍA,,BORRADO
0157,0157,BALANCEADO FLEKY PERROS X 10,si,SE BORRARÍA,,BORRADO
0109,0109,BANANAS FRITAS,si,SE BORRARÍA,,BORRADO
7791775000229,7791775000229,BICARBONATO CHAV. X 40,si,SE BORRARÍA,,BORRADO
7794270000534,7794270000534,BIZCOCHUELO BARBARA LIMON,si,SE BORRARÍA,,BORRADO
7790070417299,7790070417299,BIZCOCHUELO FAVORITA CHOCOLATE X 450,si,SE BORRARÍA,,BORRADO
7790070417312,7790070417312,BIZCOCHUELO P/TAZA EXQUISITA,si,SE BORRARÍA,,BORRADO
7790520998583,7790520998583,BLOQUE ADHESIVO PATO INODORO X 3,si,SE BORRARÍA,,BORRADO
7790520013194,7790520013194,BLOQUE INODORO ADHESIVO GLADE X 3,si,SE BORRARÍA,,BORRADO
0456,0456,BOLSA CARBON X 3KG,si,SE BORRARÍA,,BORRADO
7794000004924,7794000004924,BOLSA PARA HORNO TIPO CRIOLLO,si,SE BORRARÍA,,BORRADO
7896066767581,7896066767581,BOMBOM BEL COCO,si,SE BORRARÍA,,BORRADO
7896066767635,7896066767635,BOMBOM BEL MORANGUETE,si,SE BORRARÍA,,BORRADO
7896066767611,7896066767611,"BOMBON ""BEL"" CHOCO",si,SE BORRARÍA,,BORRADO
7798038943491,7798038943491,BUDIN C/FRUTAS X 200GR,si,SE BORRARÍA,,BORRADO
7798126073116,7798126073116,BUDIN GAONA VAINILLA,si,SE BORRARÍA,,BORRADO
7790349851083,7790349851083,BUDIN MARMOLADO ZUPAY X 170GR,si,SE BORRARÍA,,BORRADO
7791218123867,7791218123867,BUDIN ORALI LIMON,si,SE BORRARÍA,,BORRADO
7791218123843,7791218123843,BUDIN ORALI VAINILLA,si,SE BORRARÍA,,BORRADO
7795933803103,7795933803103,CABALLA BAHIA X 425GR,si,SE BORRARÍA,,BORRADO
7790070418012,7790070418012,"CACAO ""EXQUISITA"" X 180GR",si,SE BORRARÍA,,BORRADO
000001011,000001011,CACAO ARCO KG,si,SE BORRARÍA,,BORRADO
7791113000249,7791113000249,CACAO EMET X 180,si,SE BORRARÍA,,BORRADO
7798038944269,7798038944269,CAFE FRONTON EN SAQUITOS X 25,si,SE BORRARÍA,,BORRADO
7790170901957,7790170901957,CAFE TORRADO LA MORENITA X 125,si,SE BORRARÍA,,BORRADO
7790170901971,7790170901971,CAFE TORRADO LA MORENITA X 250GR,si,SE BORRARÍA,,BORRADO
7896066767024,7896066767024,CAJA BOMBOM BEL X 20U,si,SE BORRARÍA,,BORRADO
516546,516546,CAJA DE AROLLADO DE POLLO X 2,si,SE BORRARÍA,,BORRADO
0240,0240,CAJON DULCE DE MEMBRILLO 7 DIAS X 5KG,si,SE BORRARÍA,,BORRADO
6464649+,6464649+,CAJON DULCE DE MEMBRILLO RM X 5KG,si,SE BORRARÍA,,BORRADO
7794000008564,7794000008564,CALDO KNOR CARNE X 2,si,SE BORRARÍA,,BORRADO
7794000003835,7794000003835,CALDO KNORR GALLINA X 2,si,SE BORRARÍA,,BORRADO
7891000345290,7891000345290,CALDOS MAGGI GALLINA X 2,si,SE BORRARÍA,,BORRADO
7794000005563,7794000005563,CALDOS WILDE VERDURAS X 6,si,SE BORRARÍA,,BORRADO
7791118013190,7791118013190,"CAPPUCCINO ""EL POCILLO"" LHERITIER",si,SE BORRARÍA,,BORRADO
7792222004012,7792222004012,CARAMELOS BILLIKEN,si,SE BORRARÍA,,BORRADO
7790580178109,7790580178109,CARAMELOS MISKY MASTICABLES,si,SE BORRARÍA,,BORRADO
7792860007963,7792860007963,CARAMELOS PICO DULCE,si,SE BORRARÍA,,BORRADO
7792860002715,7792860002715,CARAMELOS PICO DULCE BIT XL,si,SE BORRARÍA,,BORRADO
FJKDJHHFDFDF,FJKDJHHFDFDF,CARBON CILINDRO X 3 KG,si,SE BORRARÍA,,BORRADO
7792798004652,7792798004652,CERVEZ BUDWEISER X410,si,SE BORRARÍA,,BORRADO
7798054013352,7798054013352,"CERVEZA 361 X 1,5LT",si,SE BORRARÍA,,BORRADO
7798054013482,7798054013482,CERVEZA ACONCAGUA X 473CC,si,SE BORRARÍA,,BORRADO
7792798999866,7792798999866,CERVEZA ANDES LATA X 473,si,SE BORRARÍA,,BORRADO
7798091030527,7798091030527,CERVEZA ANTARES LATA X 473CC,si,SE BORRARÍA,,BORRADO
7792798012923,7792798012923,CERVEZA QUILMES LATA X 473,si,SE BORRARÍA,,BORRADO
7792798001316,7792798001316,CERVEZA QUILMES NEGRA STOUT CAN 473CC,si,SE BORRARÍA,,BORRADO
7798409460015,7798409460015,CERVEZA RUBIA PARERA LAGER X 500ML,si,SE BORRARÍA,,BORRADO
7793147118860,7793147118860,CERVEZA SCHNEIDER LATA X 473 CC,si,SE BORRARÍA,,BORRADO
7792798010615,7792798010615,CERVEZA STELLA ARTOIS X 710,si,SE BORRARÍA,,BORRADO
7795933204078,7795933204078,CHAMPIÑONES BAHIA TROZOS X 184gr,si,SE BORRARÍA,,BORRADO
7795933204061,7795933204061,CHAMPIÑONES EN TROZOS BHAIA X 184 GR,si,SE BORRARÍA,,BORRADO
77969118,77969118,CHICLE BELDENT FRUTILLA,si,SE BORRARÍA,,BORRADO
77969071,77969071,CHICLE BELDENT MENTA,si,SE BORRARÍA,,BORRADO
7794595302276,7794595302276,CHICLES BLUPERS X 400,si,SE BORRARÍA,,BORRADO
6923634953136,6923634953136,CHICLES BOTELLITA,si,SE BORRARÍA,,BORRADO
4556454545,4556454545,CHICLES RECARGADOS TUTTI,si,SE BORRARÍA,,BORRADO
09876,09876,CHIMI CACERO GORO X 200 ML,si,SE BORRARÍA,,BORRADO
7796504000211,7796504000211,CHIMICHURRI HALCONERO X 500 GR,si,SE BORRARÍA,,BORRADO
7798112603518,7798112603518,CHIZITOS GOOD SHOW QUESO X 500 GR,si,SE BORRARÍA,,BORRADO
7798038941534,7798038941534,CHOCLO CREMO. BCO X 350gr,si,SE BORRARÍA,,BORRADO
7792350067040,7792350067040,CHOCLO CREMOSO INALPA X 300,si,SE BORRARÍA,,BORRADO
7791885003493,7791885003493,CHOCLO CUMANA X 350gr,si,SE BORRARÍA,,BORRADO
7790580722708,7790580722708,"CHOCOLATE ""TOFI"" X 15G",si,SE BORRARÍA,,BORRADO
77931528,77931528,CHOCOLATE AGUILA BARRITA 14GR,si,SE BORRARÍA,,BORRADO
7790580315405,7790580315405,CHOCOLATE AGUILA TAZA X 15G,si,SE BORRARÍA,,BORRADO
77953124,77953124,CHOCOLATE BLOCK X 36GR,si,SE BORRARÍA,,BORRADO
7790580033507,7790580033507,CHOCOLATE COFLER CON ALMENDRAS X 55G,si,SE BORRARÍA,,BORRADO
7622201818937,7622201818937,CHOCOLATE MILKA AIREADO C/LECHE X 50GR,si,SE BORRARÍA,,BORRADO
7622201818951,7622201818951,CHOCOLATE MILKA AIREADO COMBINADO X 50GR,si,SE BORRARÍA,,BORRADO
7622201818975,7622201818975,CHOCOLATE MILKA AIREADO CON ALMENDRAS X 50GR,si,SE BORRARÍA,,BORRADO
7622210745132,7622210745132,CHOCOLATE MILKA BLANCO C/OREO X 50GR,si,SE BORRARÍA,,BORRADO
7622210745583,7622210745583,CHOCOLATE MILKA BLANCO X 55GR,si,SE BORRARÍA,,BORRADO
7622210745620,7622210745620,CHOCOLATE MILKA C/ALMENDRAS X 50GR,si,SE BORRARÍA,,BORRADO
7622210745224,7622210745224,CHOCOLATE MILKA C/LECHE X 50 GR,si,SE BORRARÍA,,BORRADO
7790580612719,7790580612719,CHOCOLATE MISKY X 25 GR [7790580612719],si,SE BORRARÍA,,BORRADO
7790580612917,7790580612917,CHOCOLATE MISKY X 25 GR [7790580612917],si,SE BORRARÍA,,BORRADO
7790580310806,7790580310806,CHOCOLATE P/TAZA MISKY X 100GR,si,SE BORRARÍA,,BORRADO
0246,0246,CHUPETIN FRUTADO C/U,si,SE BORRARÍA,,BORRADO
7798040590386,7798040590386,CHUPETIN MASTICABLE TATTO,si,SE BORRARÍA,,BORRADO
7792860001114,7792860001114,CHUPETIN PICO DULCE,si,SE BORRARÍA,,BORRADO
7792860002128,7792860002128,CHUPETINES CEBOLLITAS,si,SE BORRARÍA,,BORRADO
0412,0412,CHUPETINES COSMOS C/U,si,SE BORRARÍA,,BORRADO
7790580790301,7790580790301,CHUPETINES COSMOS X 500 GR,si,SE BORRARÍA,,BORRADO
7791290792494,7791290792494,CIF CREMOSO LIMON X 375,si,SE BORRARÍA,,BORRADO
7791290010208,7791290010208,CIF CREMOSO X 500,si,SE BORRARÍA,,BORRADO
7791200200552,7791200200552,CINZANO ROSSO X 1LTR,si,SE BORRARÍA,,BORRADO
7791775000113,7791775000113,COCO RAYADO CHEVALIER X 50gr,si,SE BORRARÍA,,BORRADO
0104,0104,COCO RAYADO KG,si,SE BORRARÍA,,BORRADO
77971944,77971944,COFLER BLOCK X 16G,si,SE BORRARÍA,,BORRADO
68467499845889,68467499845889,COMBO 4 HAMBUR + 4 PANES,si,SE BORRARÍA,,BORRADO
7791019000060,7791019000060,COPOS AZUC. 3 ARROYOS X 200 GR,si,SE BORRARÍA,,BORRADO
7798038944566,7798038944566,COPOS DE MAIZ FRONTON AZUCARADOS X 240,si,SE BORRARÍA,,BORRADO
7795793102255,7795793102255,CREMA RAMOLAC X 200,si,SE BORRARÍA,,BORRADO
7795793102262,7795793102262,CREMA RAMOLAC X 350,si,SE BORRARÍA,,BORRADO
054,054,CREMA SUELTA HER-BAL KG,si,SE BORRARÍA,,BORRADO
6536665228,6536665228,CREMOSO DON AMALIO KG,si,SE BORRARÍA,,BORRADO
984563,984563,CRIOLLA,si,SE BORRARÍA,,BORRADO
5246465+6,5246465+6,CROQUETAS DE ESPINACA KG,si,SE BORRARÍA,,BORRADO
7509546677217,7509546677217,DENTRIFICO COLGATE HERBAL X 90 gr,si,SE BORRARÍA,,BORRADO
7509546677200,7509546677200,DENTRIFICO COLGATE HERBAL X70,si,SE BORRARÍA,,BORRADO
7509546686523,7509546686523,DENTRIFICO COLGATE T. ACCION X 90,si,SE BORRARÍA,,BORRADO
7793100111891,7793100111891,DENTRIFICO COLGATE ULTRA BLANCO X 90,si,SE BORRARÍA,,BORRADO
7891024030820,7891024030820,DENTRIFICO COLGATE WHITEX 70,si,SE BORRARÍA,,BORRADO
7509546667348,7509546667348,DENTRIFICO KOLINOS TRIPLE ACCION X 70 gr,si,SE BORRARÍA,,BORRADO
7509546692258,7509546692258,DENTRIFICO ODOL X90,si,SE BORRARÍA,,BORRADO
7791130683845,7791130683845,"DESINF. PROXENEX X 1,8 LTR",si,SE BORRARÍA,,BORRADO
7793253005054,7793253005054,DESINFECTANTE AYUDIN AERO X 360,si,SE BORRARÍA,,BORRADO
7793253005238,7793253005238,DESINFECTANTE AYUDIN D.P X 450ML,si,SE BORRARÍA,,BORRADO
7798131250182,7798131250182,DESINFECTANTE HEROE BRISA X 900,si,SE BORRARÍA,,BORRADO
7791905004196,7791905004196,"DESODORANTE ""POLYANA"" WOMEN",si,SE BORRARÍA,,BORRADO
7793253004309,7793253004309,DESODORANTE DE AMB. POET PRIMAVERA X 360,si,SE BORRARÍA,,BORRADO
7791905023005,7791905023005,DESODORANTE DUFOUR MEN [7791905023005],si,SE BORRARÍA,,BORRADO
7791905024361,7791905024361,DESODORANTE DUFOUR MEN [7791905024361],si,SE BORRARÍA,,BORRADO
7794640171376,7794640171376,DESODORANTE HINDS ROLLON,si,SE BORRARÍA,,BORRADO
7793253001674,7793253001674,DESODORANTE INODORO POET PASTILLA,si,SE BORRARÍA,,BORRADO
4005900517005,4005900517005,DESODORANTE NIVEA MEN ROLLON,si,SE BORRARÍA,,BORRADO
4005808257669,4005808257669,DESODORANTE NIVEA ROLLON,si,SE BORRARÍA,,BORRADO
7793253004262,7793253004262,DESODORANTE POET AEROSOL ALGOD. X360,si,SE BORRARÍA,,BORRADO
7791290792692,7791290792692,"DETERGENTE ""ALA"" ULTRA DOYPACK X450",si,SE BORRARÍA,,BORRADO
7791290792661,7791290792661,DETERGENTE ALA GLISERINA X 500,si,SE BORRARÍA,,BORRADO
7791290792678,7791290792678,DETERGENTE ALA ULTRA LIMON X 500,si,SE BORRARÍA,,BORRADO
7791290791305,7791290791305,DETERGENTE ALA X 500 [7791290791305],si,SE BORRARÍA,,BORRADO
040,040,DETERGENTE CONCENTRADO LTR,si,SE BORRARÍA,,BORRADO
7793699045409,7793699045409,DETERGENTE ESENCIAL X 750 [7793699045409],si,SE BORRARÍA,,BORRADO
7793699045423,7793699045423,DETERGENTE ESENCIAL X 750 [7793699045423],si,SE BORRARÍA,,BORRADO
7798131370033,7798131370033,DISCO DE TARTA TAPALIN,si,SE BORRARÍA,,BORRADO
7798131370019,7798131370019,DISCO EMP. TAPALIN HORNO,si,SE BORRARÍA,,BORRADO
7798140400011,7798140400011,"DISCO EMPANADA ""MI REINA"" HORNO",si,SE BORRARÍA,,BORRADO
7798140400028,7798140400028,"DISCO EMPANADA ""MI REYNA"" FREIR",si,SE BORRARÍA,,BORRADO
7798140400035,7798140400035,"DISCO PASCUALINA ""MI REYNA"" (TARTA)",si,SE BORRARÍA,,BORRADO
7798131370026,7798131370026,DISCOS EMP. TAPALIN FREIR,si,SE BORRARÍA,,BORRADO
7791218000601,7791218000601,DISCOS EMPANADAS CRIOLLAS ORALI,si,SE BORRARÍA,,BORRADO
7791218000380,7791218000380,DISCOS EMPANADAS CRIOLLAS TIO RAULO,si,SE BORRARÍA,,BORRADO
7791218000625,7791218000625,DISCOS PASCUALINAS ORALI C/U,si,SE BORRARÍA,,BORRADO
0237,0237,DULCE BATATA CON CEREZA (LATA) KG,si,SE BORRARÍA,,BORRADO
7790787153657,7790787153657,"DULCE DE LECHE ""ILOLAY"" CLASICO X 200G",si,SE BORRARÍA,,BORRADO
7794052000011,7794052000011,DULCE DE LECHE ARROYO CABRAL X 250,si,SE BORRARÍA,,BORRADO
7794052000158,7794052000158,DULCE DE LECHE ARROYO CABRAL X 400,si,SE BORRARÍA,,BORRADO
7798058690108,7798058690108,DULCE DE LECHE EL QUEBRACHAL X 400GR,si,SE BORRARÍA,,BORRADO
7791058010754,7791058010754,DULCE DE LECHE GRANJA DE ORO X 400,si,SE BORRARÍA,,BORRADO
7790787153664,7790787153664,DULCE DE LECHE ILOLAY X 400GR,si,SE BORRARÍA,,BORRADO
7792860001473,7792860001473,DULCE DE LECHE LHERITIER X 200,si,SE BORRARÍA,,BORRADO
7792860001404,7792860001404,DULCE DE LECHE LHERITIER X 400 GR,si,SE BORRARÍA,,BORRADO
7795793102484,7795793102484,DULCE DE LECHE RAMOLAC X 200 GR,si,SE BORRARÍA,,BORRADO
088,088,DULCE DE LECHE SUELTO KG,si,SE BORRARÍA,,BORRADO
7793913000931,7793913000931,DULCE DE LECHE TREGAR CLASICO X 400G,si,SE BORRARÍA,,BORRADO
7793046002215,7793046002215,DULCE DULCOR BATATA C/CHOCOL. X 500,si,SE BORRARÍA,,BORRADO
7791113003783,7791113003783,DULCE EMETH FRUTILLA X 420GR,si,SE BORRARÍA,,BORRADO
7793046004141,7793046004141,DULCE MEMBRILLO DULCOR X 500GR,si,SE BORRARÍA,,BORRADO
7798038941961,7798038941961,DURAZNO FINCA DEL REY X 820,si,SE BORRARÍA,,BORRADO
7798262020029,7798262020029,DURAZNOS ZUMMUN X 820,si,SE BORRARÍA,,BORRADO
7792129000339,7792129000339,EDULCORANTE ZUCARYL X 360,si,SE BORRARÍA,,BORRADO
6902004095218,6902004095218,ENCENDEDOR CANDELA,si,SE BORRARÍA,,BORRADO
7798422620090,7798422620090,ENERGIZANTE MONSTER ZERO,si,SE BORRARÍA,,BORRADO
498498949888,498498949888,ENSALADA DE FRUTA,si,SE BORRARÍA,,BORRADO
7796178011216,7796178011216,ESENCIA DE VAINILLA BARCE X 110cc,si,SE BORRARÍA,,BORRADO
7796189000186,7796189000186,ESENCIA VAINILLA RILLI X 30 GR,si,SE BORRARÍA,,BORRADO
0239,0239,ESENCIA VAINILLAS RIILI X 100cc,si,SE BORRARÍA,,BORRADO
588644222,588644222,ESPIRAL MOSQUITRAP,si,SE BORRARÍA,,BORRADO
7790520010490,7790520010490,ESPIRALES FUYI X 4,si,SE BORRARÍA,,BORRADO
7790520010445,7790520010445,ESPIRALES RAID 5 EN 1,si,SE BORRARÍA,,BORRADO
7798079340129,7798079340129,ESPONJA MAXUTIL ECO,si,SE BORRARÍA,,BORRADO
7798059384587,7798059384587,ESPONJA RECTANGULAR P/BAÑO,si,SE BORRARÍA,,BORRADO
7791627000506,7791627000506,EXTRACTO DE TOM. DF X 150 GR,si,SE BORRARÍA,,BORRADO
7790062000126,7790062000126,EXTRACTO DE TOMATE OTITO X 150GR,si,SE BORRARÍA,,BORRADO
7798022222397,7798022222397,EXTRACTO TOMATE SAN REMO X 150GR,si,SE BORRARÍA,,BORRADO
093457,093457,FAMILIAR DE MILANESA C/U,si,SE BORRARÍA,,BORRADO
7798420640038,7798420640038,FERNET 777 X 750ML,si,SE BORRARÍA,,BORRADO
7790290000523,7790290000523,FERNET BRANCA X 1LTR,si,SE BORRARÍA,,BORRADO
7798031155747,7798031155747,FIDEO CICA TALLARINES,si,SE BORRARÍA,,BORRADO
7798115940313,7798115940313,FIDEO ESTRELLA DEL PARANA AVE MARIA X 500 GR,si,SE BORRARÍA,,BORRADO
7798031155600,7798031155600,FIDEO KNOR CARACOLITO X 500,si,SE BORRARÍA,,BORRADO
7798031155549,7798031155549,FIDEO KNOR TALLARINES X 500,si,SE BORRARÍA,,BORRADO
7798314230024,7798314230024,FIDEO VERIZZIA CODO X 500,si,SE BORRARÍA,,BORRADO
7798314230147,7798314230147,FIDEO VERIZZIA TALLARIN X 500GR,si,SE BORRARÍA,,BORRADO
7798314230178,7798314230178,FIDEO VERIZZIA TIRABUSON X 500,si,SE BORRARÍA,,BORRADO
GHGHGHSDLSLD,GHGHGHSDLSLD,FIDEOS BAMBOLA X 500GR,si,SE BORRARÍA,,BORRADO
7798031150384,7798031150384,FIDEOS BONAVITA MOSTACHOL X 500,si,SE BORRARÍA,,BORRADO
7798031150094,7798031150094,FIDEOS BONAVITA RIGATI X 500,si,SE BORRARÍA,,BORRADO
7798031150049,7798031150049,FIDEOS BONAVITA SPAGUETTI X 500,si,SE BORRARÍA,,BORRADO
7798031150070,7798031150070,FIDEOS BONAVITA TIRABUSON X 500,si,SE BORRARÍA,,BORRADO
7798031155785,7798031155785,FIDEOS CICA CODITOS,si,SE BORRARÍA,,BORRADO
7798031155754,7798031155754,FIDEOS CICA MOSTACHOL,si,SE BORRARÍA,,BORRADO
7798031155730,7798031155730,FIDEOS CICA SPAGUETTI,si,SE BORRARÍA,,BORRADO
7798031155761,7798031155761,FIDEOS CICA TIRABUSON,si,SE BORRARÍA,,BORRADO
7798115940627,7798115940627,FIDEOS ESTRELLA DEL PARANA DEDALITO X 500GR,si,SE BORRARÍA,,BORRADO
7798115940252,7798115940252,FIDEOS ESTRELLA DEL PARANA ESTRELLITA X 500GR,si,SE BORRARÍA,,BORRADO
7798115940337,7798115940337,FIDEOS ESTRELLA DEL PARANA FUSILLI X 500GR,si,SE BORRARÍA,,BORRADO
7798115940375,7798115940375,FIDEOS ESTRELLA DEL PARANA MACARRON X 500GR,si,SE BORRARÍA,,BORRADO
7798115940306,7798115940306,FIDEOS ESTRELLA DEL PARANA PAMPERITO X 500GR,si,SE BORRARÍA,,BORRADO
86544464846,86544464846,FIDEOS ESTRELLA DEL PARANA SPAGUETTI X 5 KG,si,SE BORRARÍA,,BORRADO
7798115941198,7798115941198,FIDEOS ESTRELLA DEL PARANA SPAGUETTI X 500GR,si,SE BORRARÍA,,BORRADO
7798115940047,7798115940047,FIDEOS ESTRELLA PARANA CINTA N5 X 5KG,si,SE BORRARÍA,,BORRADO
7798115941228,7798115941228,FIDEOS ESTRELLÑA DEL PARANA LINGUINI X 500GR,si,SE BORRARÍA,,BORRADO
7790070320322,7790070320322,FIDEOS FAVORITA CODITO X 500,si,SE BORRARÍA,,BORRADO
7790070342041,7790070342041,FIDEOS FAVORITA MOSTACHOL X 500,si,SE BORRARÍA,,BORRADO
7790070320292,7790070320292,FIDEOS FAVORITA SPAGUETTI,si,SE BORRARÍA,,BORRADO
7790070320315,7790070320315,FIDEOS FAVORITA X 500,si,SE BORRARÍA,,BORRADO
7798038943088,7798038943088,FIDEOS FRONTON MUNIS.,si,SE BORRARÍA,,BORRADO
7798038943019,7798038943019,FIDEOS FRONTON SPAGUETTI,si,SE BORRARÍA,,BORRADO
7798038943033,7798038943033,FIDEOS FRONTON TIRABUSON,si,SE BORRARÍA,,BORRADO
7798115940443,7798115940443,FIDEOS FUSIL ESTRELLA DEL PARANA X 5KG,si,SE BORRARÍA,,BORRADO
7798031155594,7798031155594,FIDEOS KNOR CODITOS,si,SE BORRARÍA,,BORRADO
7798031155655,7798031155655,FIDEOS KNOR MOÑOS,si,SE BORRARÍA,,BORRADO
7798031155679,7798031155679,FIDEOS KNOR MOSTACHOL,si,SE BORRARÍA,,BORRADO
7798031155587,7798031155587,FIDEOS KNOR RIGATTI,si,SE BORRARÍA,,BORRADO
7798031155532,7798031155532,FIDEOS KNOR SPAGUETTI,si,SE BORRARÍA,,BORRADO
7798031155662,7798031155662,FIDEOS KNOR TIRABUSON,si,SE BORRARÍA,,BORRADO
7798031155693,7798031155693,FIDEOS KNOR TRICOLOR,si,SE BORRARÍA,,BORRADO
7798141970360,7798141970360,FIDEOS LA PROVIDENCIA MOSTACHOL,si,SE BORRARÍA,,BORRADO
7798141970889,7798141970889,FIDEOS LA PROVIDENCIA RIGATTI,si,SE BORRARÍA,,BORRADO
7797470199367,7797470199367,FIDEOS MAROLIO TSPAGUETTI X 500GR,si,SE BORRARÍA,,BORRADO
7792180137166,7792180137166,FIDEOS NIDOS SAN AGUSTIN INTEGRAL,si,SE BORRARÍA,,BORRADO
7795603017526,7795603017526,FIDEOS NIDOS SEBASTIAN,si,SE BORRARÍA,,BORRADO
7798141970407,7798141970407,FIDEOS PROVIDENCIA MUNICION,si,SE BORRARÍA,,BORRADO
7798141971084,7798141971084,FIDEOS PROVIDENCIA TAGLIATE,si,SE BORRARÍA,,BORRADO
7798141970384,7798141970384,FIDEOS PROVIDENCIA TIRABUSON,si,SE BORRARÍA,,BORRADO
7793385000057,7793385000057,FIDEOS ROSCA AL PESTO CHANIVI X 500GR,si,SE BORRARÍA,,BORRADO
7622300724368,7622300724368,FIDEOS TERRABISI TALLARIN X 500,si,SE BORRARÍA,,BORRADO
7622300724436,7622300724436,FIDEOS TERRABUSI DEDALITOS X 500,si,SE BORRARÍA,,BORRADO
7790070336446,7790070336446,FIDEOS TERRABUSI MOSTACHOL X 500GR,si,SE BORRARÍA,,BORRADO
7622300724245,7622300724245,FIDEOS TERRABUSI TIRABUZON,si,SE BORRARÍA,,BORRADO
7798314230086,7798314230086,FIDEOS VERIZZIA MOSTACHOL X 500,si,SE BORRARÍA,,BORRADO
7798314230314,7798314230314,FIDEOS VERIZZIA RIGATONI X 500,si,SE BORRARÍA,,BORRADO
7790070413130,7790070413130,FLAN EXQUISITA DULCE DE LECHE X 40GR,si,SE BORRARÍA,,BORRADO
7790070413116,7790070413116,FLAN EXQUISITA VAINILLA X 40GR,si,SE BORRARÍA,,BORRADO
7791058002445,7791058002445,FLANCITO MAMFREY X 120GR,si,SE BORRARÍA,,BORRADO
8799538589,8799538589,FOCACCIA C/U,si,SE BORRARÍA,,BORRADO
4058075776517,4058075776517,FOCO LED 75WTS.,si,SE BORRARÍA,,BORRADO
7790590016507,7790590016507,FOSFOROS FRAGATA X 220,si,SE BORRARÍA,,BORRADO
7791747002213,7791747002213,FRANELA DON EDUARDO,si,SE BORRARÍA,,BORRADO
7790580123925,7790580123925,FRUTILLAS MOGUL X 500 GR,si,SE BORRARÍA,,BORRADO
7790040139015,7790040139015,"GALLETITAS ""CRIOLLITAS"" X 5",si,SE BORRARÍA,,BORRADO
7798359330079,7798359330079,"GALLETITAS ""DONINAS"" CHOCOLATE & MANÍ X 200G",si,SE BORRARÍA,,BORRADO
7790040139237,7790040139237,"GALLETITAS ""MINI POLVORITAS"" FRUTILLA X150GR",si,SE BORRARÍA,,BORRADO
7790040139268,7790040139268,"GALLETITAS ""RUMBA"" X 110GR",si,SE BORRARÍA,,BORRADO
7796624000160,7796624000160,GALLETITAS CRACKER X 3,si,SE BORRARÍA,,BORRADO
7798113151322,7798113151322,GALLETITAS PINDY X 3,si,SE BORRARÍA,,BORRADO
7798141972388,7798141972388,GALLETITAS PROVIDENCIA X 5,si,SE BORRARÍA,,BORRADO
7798038945662,7798038945662,GARBANZOS FRONTON LATA X 350gr,si,SE BORRARÍA,,BORRADO
7790036975313,7790036975313,"GASEOSA BAGGIO FRESH COCA X 2,25 LTR",si,SE BORRARÍA,,BORRADO
7790036975283,7790036975283,"GASEOSA BAGGIO FRESH NARANJA X 2,25 LTR",si,SE BORRARÍA,,BORRADO
7790036129143,7790036129143,"GASEOSA BAGGIO FRESH X 2,25 LTR",si,SE BORRARÍA,,BORRADO
7798113300201,7798113300201,GASEOSA MANAOS COLA X 600,si,SE BORRARÍA,,BORRADO
7798113300218,7798113300218,GASEOSA MANAOS LIMA X 600,si,SE BORRARÍA,,BORRADO
7790895001000,7790895001000,"GASEOSA SPRITE X 2,225",si,SE BORRARÍA,,BORRADO
7791274189326,7791274189326,GEL ALGABO EFECTO HUMEDO X 200G,si,SE BORRARÍA,,BORRADO
7791274189333,7791274189333,GEL ALGABO EXTRA FIJ. X 200,si,SE BORRARÍA,,BORRADO
7798024629194,7798024629194,GEL GALAPAGOS EFECTO HUM. POTE,si,SE BORRARÍA,,BORRADO
7794270802329,7794270802329,GELATINA BARBARA FRUTILLA,si,SE BORRARÍA,,BORRADO
7790070413055,7790070413055,GELATINA EXQUISITA FRAMBUESA X 40GR,si,SE BORRARÍA,,BORRADO
7798100464121,7798100464121,GOTITAS DE CHOCOL. NEGRO MAPSA X 500,si,SE BORRARÍA,,BORRADO
7796178111459,7796178111459,GRANAS BARCE X 80GR,si,SE BORRARÍA,,BORRADO
0103,0103,GRANOLA KG,si,SE BORRARÍA,,BORRADO
7798060460102,7798060460102,GRASA INSUGA X 1KG,si,SE BORRARÍA,,BORRADO
7798060460119,7798060460119,GRASA INSUGA X 500,si,SE BORRARÍA,,BORRADO
7790360975195,7790360975195,GRASA VACUNA SWIFT X 500,si,SE BORRARÍA,,BORRADO
7794440045938,7794440045938,GUANTES PLUMITA L,si,SE BORRARÍA,,BORRADO
7794440045921,7794440045921,GUANTES PLUMITA M,si,SE BORRARÍA,,BORRADO
7794440045914,7794440045914,GUANTES PLUMITA S,si,SE BORRARÍA,,BORRADO
0368,0368,HAMBURGUESA DE SOJA C/CARNE C/U,si,SE BORRARÍA,,BORRADO
7793040000361,7793040000361,HAMBURGUESAS FINITAS FRIAR X 2UN.,si,SE BORRARÍA,,BORRADO
7790199000013,7790199000013,HARINA 000 MORIXE X 1KG,si,SE BORRARÍA,,BORRADO
7799037060011,7799037060011,HARINA CHACABUCO TIPO 000 X KG,si,SE BORRARÍA,,BORRADO
7798115941495,7798115941495,HARINA LEUDANTE ESTRELLA DEL PARANA X 1KG,si,SE BORRARÍA,,BORRADO
7798115941501,7798115941501,HARINA LEUDANTE SAPSIRA X KG,si,SE BORRARÍA,,BORRADO
7798185890013,7798185890013,HARINA MI PUEBLO 000 X 1KG,si,SE BORRARÍA,,BORRADO
7792180004512,7792180004512,HARINA PUREZA 000 X 1KG,si,SE BORRARÍA,,BORRADO
7792180134516,7792180134516,HARINA PUREZA INTEGRAL X 1KG,si,SE BORRARÍA,,BORRADO
7794270000114,7794270000114,HARINA REINAHARINA LEUDANTE X 1KG,si,SE BORRARÍA,,BORRADO
7794270002583,7794270002583,HARINA REINARINA 000 X 1KG,si,SE BORRARÍA,,BORRADO
7794270000602,7794270000602,HARINA REINHARINA 0000 X 1KG,si,SE BORRARÍA,,BORRADO
0123,0123,HELADITO BOM BOM TINCHO,si,SE BORRARÍA,,BORRADO
0111,0111,HELADITO BOMBOM,si,SE BORRARÍA,,BORRADO
0112,0112,HELADITO DE AGUA,si,SE BORRARÍA,,BORRADO
0122,0122,HELADITO DE AGUA TINCHO,si,SE BORRARÍA,,BORRADO
7794270802381,7794270802381,HELADO BARBARA D. DE LECHE,si,SE BORRARÍA,,BORRADO
7794270802398,7794270802398,HELADO BARBARA FRUTILLA,si,SE BORRARÍA,,BORRADO
7794270801377,7794270801377,HELADO BARBARA VAINILLA,si,SE BORRARÍA,,BORRADO
7790070419125,7790070419125,HELADO EXQUISITA CHOCOLATE X 55 GR,si,SE BORRARÍA,,BORRADO
7790070419101,7790070419101,HELADO EXQUISITA DULCE DE LECHE X 52 GR,si,SE BORRARÍA,,BORRADO
7790070419149,7790070419149,HELADO EXQUISITA FRUTILLA X 52GR,si,SE BORRARÍA,,BORRADO
7798014060976,7798014060976,HISOPOS DISMAR X 100,si,SE BORRARÍA,,BORRADO
7796851811157,7796851811157,HISOPOS MACAO X100,si,SE BORRARÍA,,BORRADO
7790773007063,7790773007063,HISOPOS Q SOFT X 75,si,SE BORRARÍA,,BORRADO
7790177000523,7790177000523,HORMIGUICIDA YARARA X 150 GR,si,SE BORRARÍA,,BORRADO
0250,0250,HUEVO CHOCOLATE (DOLCE),si,SE BORRARÍA,,BORRADO
7798065734284,7798065734284,HYDRA SIERRA DE LOS P. FRUTOS X 600,si,SE BORRARÍA,,BORRADO
7798065734307,7798065734307,HYDRA SIERRA DE LOS P. MANZ X 600,si,SE BORRARÍA,,BORRADO
7798065734291,7798065734291,HYDRA SIERRA DE LOS P. NAR. X 600,si,SE BORRARÍA,,BORRADO
7790520028945,7790520028945,INODORO BLOQUE RESP. SOLIDO,si,SE BORRARÍA,,BORRADO
7790520999436,7790520999436,"INSECTICIDA ""BAYGON"" CUCARACHAS Y ARAÑAS",si,SE BORRARÍA,,BORRADO
7790520997647,7790520997647,INSECTICIDA RAID BLANCO SIN OLOR X 360,si,SE BORRARÍA,,BORRADO
7790520028655,7790520028655,INSECTICIDA RAID MMM AERO X 360,si,SE BORRARÍA,,BORRADO
7798110270408,7798110270408,"JABON ""LIBERIA"" X 3 UN.",si,SE BORRARÍA,,BORRADO
7791290792036,7791290792036,JABON ALA LIQ. X 3LT,si,SE BORRARÍA,,BORRADO
7500435203227,7500435203227,"JABON ARIEL 2,7 LTR",si,SE BORRARÍA,,BORRADO
7791290793200,7791290793200,JABON LIQ ALA DILUIR X150 ML,si,SE BORRARÍA,,BORRADO
7791290792043,7791290792043,JABON LIQ. ALA DilUIR X 500 ML,si,SE BORRARÍA,,BORRADO
7791290792838,7791290792838,JABON LIQ. SKIP DILUIR X 500 ML,si,SE BORRARÍA,,BORRADO
7791290793217,7791290793217,JABON LIQ. SKIP X 150,si,SE BORRARÍA,,BORRADO
7791290790902,7791290790902,JABON LIQ. SKIP X400,si,SE BORRARÍA,,BORRADO
7791290790988,7791290790988,JABON LIQUIDO ALA X 400,si,SE BORRARÍA,,BORRADO
7791290786158,7791290786158,JABON LIQUIDO DRIVE X400,si,SE BORRARÍA,,BORRADO
7790828002487,7790828002487,JABON LIQUIDO GIGANTE X 900,si,SE BORRARÍA,,BORRADO
7798134070176,7798134070176,JABON PAN BLANCO SIGNO X 200,si,SE BORRARÍA,,BORRADO
7790828103313,7790828103313,JABON PAN GIGANTE X 200 GR,si,SE BORRARÍA,,BORRADO
7791290793040,7791290793040,JABON POLVO DRIVE L.M. X 400,si,SE BORRARÍA,,BORRADO
7791290793071,7791290793071,JABON POLVO DRIVE MATIC X 400,si,SE BORRARÍA,,BORRADO
7794218106229,7794218106229,JABON TOC. CUPIDO X 3,si,SE BORRARÍA,,BORRADO
7798339190068,7798339190068,JABON TOC. ESPADOL SKINCARE X80gr,si,SE BORRARÍA,,BORRADO
7790828101548,7790828101548,JABON TOC. KENIA X1,si,SE BORRARÍA,,BORRADO
7798134070169,7798134070169,JABON TOC. SIGNO X 3,si,SE BORRARÍA,,BORRADO
7791293038056,7791293038056,JABON TOC. SUAVE X 1 [7791293038056],si,SE BORRARÍA,,BORRADO
7791293038063,7791293038063,JABON TOC. SUAVE X 1 [7791293038063],si,SE BORRARÍA,,BORRADO
7790990000847,7790990000847,JABON TOCADOR PLUSBELLE ENERGIA X 120GR,si,SE BORRARÍA,,BORRADO
7790990000823,7790990000823,JABON TOCADOR PLUSBELLE HUMECTACCION X 120GR,si,SE BORRARÍA,,BORRADO
7790990000816,7790990000816,JABON TOCADOR PLUSBELLE RADIANTE XUN,si,SE BORRARÍA,,BORRADO
7790990000854,7790990000854,JABON TOCADOR PLUSBELLE RELAJACIÓN X 120GR,si,SE BORRARÍA,,BORRADO
7790990000830,7790990000830,JABON TOCADOR PLUSBELLE X 120GR,si,SE BORRARÍA,,BORRADO
7798134070718,7798134070718,JABON TOCADOR SIGNO X 1,si,SE BORRARÍA,,BORRADO
7790990000793,7790990000793,JABONES TOCADOR PLUSBELLE RECONEXIÓN X 120GR,si,SE BORRARÍA,,BORRADO
055,055,JAMON AMERICANO KG,si,SE BORRARÍA,,BORRADO
7798038945679,7798038945679,"JARDINERA ""FRONTON"" 340G",si,SE BORRARÍA,,BORRADO
7797470198711,7797470198711,JARDINERA MAROLIO LATA X 300GR,si,SE BORRARÍA,,BORRADO
7790580142766,7790580142766,JUGO ARCOR DURAZNO,si,SE BORRARÍA,,BORRADO
7790895647123,7790895647123,JUGO CEPITA MULTIFRUTA X 1LTR,si,SE BORRARÍA,,BORRADO
7790895641800,7790895641800,"JUGO CEPITA NARANJ X 1,5",si,SE BORRARÍA,,BORRADO
7798055721010,7798055721010,JUGO DE NARANJA PURO SOL X 1 LT.,si,SE BORRARÍA,,BORRADO
7798038943101,7798038943101,JUGO LIMON FRONTON X 1LTR,si,SE BORRARÍA,,BORRADO
7798038943484,7798038943484,JUGO LIMON FRONTON X 500,si,SE BORRARÍA,,BORRADO
7791085002098,7791085002098,JUGO PENT POMELO X 3 LTR,si,SE BORRARÍA,,BORRADO
7798113301925,7798113301925,JUGO PINDAPOY DUR. X 200,si,SE BORRARÍA,,BORRADO
7798113301833,7798113301833,JUGO PINDAPOY MULT. X 200,si,SE BORRARÍA,,BORRADO
7798113301826,7798113301826,JUGO PINDAPOY NAR. X 200,si,SE BORRARÍA,,BORRADO
7730908401588,7730908401588,JUGO RINDE 2 ANANA,si,SE BORRARÍA,,BORRADO
7730908400543,7730908400543,JUGO RINDE 2 DURAZNO,si,SE BORRARÍA,,BORRADO
7730908401540,7730908401540,JUGO RINDE 2 LIMON,si,SE BORRARÍA,,BORRADO
7730908402332,7730908402332,JUGO RINDE 2 MANGO,si,SE BORRARÍA,,BORRADO
7730908400567,7730908400567,JUGO RINDE 2 MANZANA,si,SE BORRARÍA,,BORRADO
7730908400536,7730908400536,JUGO RINDE 2 MIX FRUTAL,si,SE BORRARÍA,,BORRADO
7730908400529,7730908400529,JUGO RINDE 2 NARANJA,si,SE BORRARÍA,,BORRADO
7730908400987,7730908400987,JUGO RINDE 2 NARANJA BANANA,si,SE BORRARÍA,,BORRADO
7730908401847,7730908401847,JUGO RINDE 2 PERA,si,SE BORRARÍA,,BORRADO
7730908404343,7730908404343,JUGO RINDE 2 SANDIA,si,SE BORRARÍA,,BORRADO
7730908403681,7730908403681,JUGO RINDE 2 UVA,si,SE BORRARÍA,,BORRADO
7798290580151,7798290580151,JUGO TUTTI DUR. X 1LTR,si,SE BORRARÍA,,BORRADO
7798290580120,7798290580120,JUGO TUTTI MIX FRUTAL X 1LTR,si,SE BORRARÍA,,BORRADO
7798290581585,7798290581585,JUGO TUTTI NAR. X 200,si,SE BORRARÍA,,BORRADO
7798290580069,7798290580069,JUGO TUTTI NARANJA X 1LTR,si,SE BORRARÍA,,BORRADO
079,079,JUGUITOS CACEROS CREMA,si,SE BORRARÍA,,BORRADO
080,080,JUGUITOS CASEROS AGUA,si,SE BORRARÍA,,BORRADO
087,087,JUGUITOS CONGELADOS TINCHO,si,SE BORRARÍA,,BORRADO
0136,0136,JUGUITOS PARA CONGELAR KROSTY,si,SE BORRARÍA,,BORRADO
7791885001116,7791885001116,JUREL CUMANA X 425 GR,si,SE BORRARÍA,,BORRADO
039,039,KAOTRINA SUELTA CONCENTRADA LTR,si,SE BORRARÍA,,BORRADO
7794000003606,7794000003606,KECHUP HELMAN S X 250,si,SE BORRARÍA,,BORRADO
7509546665979,7509546665979,KOLINOS TRIPLE ACCON X 90,si,SE BORRARÍA,,BORRADO
7794710010116,7794710010116,LACHE CHOCOLATADA VERONICA X 1LTR,si,SE BORRARÍA,,BORRADO
4058075498228,4058075498228,LAMPARA LED OSRAM 9W,si,SE BORRARÍA,,BORRADO
4058075498167,4058075498167,LAMPARA LED OSRAM X 60W,si,SE BORRARÍA,,BORRADO
4058075498082,4058075498082,LAMPARAS LED OSRAM X 40W,si,SE BORRARÍA,,BORRADO
7792798001262,7792798001262,LATA DE CERVEZA 1890 X 473CC,si,SE BORRARÍA,,BORRADO
7793559000500,7793559000500,LAVANDINA DING-ORO X 1LTR,si,SE BORRARÍA,,BORRADO
4242354656,4242354656,"LAVANDINA EN GEL ""ORBE"" X LT",si,SE BORRARÍA,,BORRADO
7793253003791,7793253003791,LAVANDINA GEL AYUDIN X 700,si,SE BORRARÍA,,BORRADO
7798131250052,7798131250052,LAVANDINA HEROE X 1LTR,si,SE BORRARÍA,,BORRADO
7791905023210,7791905023210,LAVANDINA ODEX X 2LTR,si,SE BORRARÍA,,BORRADO
7791290791503,7791290791503,LAVANDINA VIM GEL X 700,si,SE BORRARÍA,,BORRADO
7798338290073,7798338290073,LECHE ANGELITA L.V DESCREMADA X 1LTR,si,SE BORRARÍA,,BORRADO
7790787002672,7790787002672,LECHE CHOCOLATADA ILOLAY X 200ML,si,SE BORRARÍA,,BORRADO
7798338290493,7798338290493,LECHE CHOCOLATADA LAS TRES NIÑAS X 1LTR,si,SE BORRARÍA,,BORRADO
7790036948294,7790036948294,LECHE CHOCOLATADA SHAKE. X 1 LTR,si,SE BORRARÍA,,BORRADO
7798001562599,7798001562599,LECHE CREMIGAL SACHET X 1LT,si,SE BORRARÍA,,BORRADO
7790787002535,7790787002535,LECHE DESCREMADA ILOLAY X 1LT,si,SE BORRARÍA,,BORRADO
7798338290028,7798338290028,"LECHE ENTERA ""LAS TRES NIÑAS"" X LT",si,SE BORRARÍA,,BORRADO
7790036007267,7790036007267,"LECHE ENTERA BAGGIO SHAKE X 1,5 LTS",si,SE BORRARÍA,,BORRADO
7794396004515,7794396004515,LECHE ENTERA L.V SUIPACHENSE X 1LTR,si,SE BORRARÍA,,BORRADO
7791058000731,7791058000731,LECHE ENTERA MAMFREY X 1LT,si,SE BORRARÍA,,BORRADO
7790373104551,7790373104551,LECHE L.V COTAPA DESCREM. X 1LTR,si,SE BORRARÍA,,BORRADO
7790373104544,7790373104544,LECHE L.V COTAPA X1LTR,si,SE BORRARÍA,,BORRADO
7794396004522,7794396004522,LECHE L.V DESCREMADA SUIPACHENSE X 1LTR,si,SE BORRARÍA,,BORRADO
7790787002528,7790787002528,LECHE L.V ILOLAY X 1 LTR,si,SE BORRARÍA,,BORRADO
7790036001326,7790036001326,"LECHE LARGA VIDA ""BAGGIO LATTE"" X LT",si,SE BORRARÍA,,BORRADO
0359,0359,LECHUGA KG,si,SE BORRARÍA,,BORRADO
7798038943750,7798038943750,LENTEJAS FRONTON BOLSA X 400,si,SE BORRARÍA,,BORRADO
7798038945686,7798038945686,LENTEJAS FRONTON LATA X 350gr,si,SE BORRARÍA,,BORRADO
7798049540313,7798049540313,LENTEJAS LA ABADIA BOLSA X 400,si,SE BORRARÍA,,BORRADO
7790260025037,7790260025037,"LICOR DE GRAPPA C/MIEL ""MARIPOSA"" X 200ML",si,SE BORRARÍA,,BORRADO
7791905023845,7791905023845,LIMPIADOR LIQ. ODEX AMANECER X 900,si,SE BORRARÍA,,BORRADO
7791905023890,7791905023890,LIMPIADOR LIQ. ODEX BOSQUE X 900,si,SE BORRARÍA,,BORRADO
7791905023951,7791905023951,LIMPIADOR LIQ. ODEX LAVANDA X 900,si,SE BORRARÍA,,BORRADO
7793551002168,7793551002168,LUPINOS MARVAVIC X 100gr,si,SE BORRARÍA,,BORRADO
7790077000098,7790077000098,MAGDALENAS CH/DUL. POZZO,si,SE BORRARÍA,,BORRADO
7798126073017,7798126073017,MAGDALENAS GAONA C/ DULCE DE LECHE X 220 GR,si,SE BORRARÍA,,BORRADO
7798126073000,7798126073000,MAGDALENAS GAONA C/CHOCOLATE X 220 GR,si,SE BORRARÍA,,BORRADO
7791218123782,7791218123782,MAGDALENAS ORALI VAINILLA,si,SE BORRARÍA,,BORRADO
7790077001088,7790077001088,MAGDALENAS POZO FRUTOS X 220,si,SE BORRARÍA,,BORRADO
7790077000739,7790077000739,MAGDALENAS POZO MARM.,si,SE BORRARÍA,,BORRADO
7798049540351,7798049540351,MAIZ PIS. COLORADO LA ABADIA BOLS. X 400,si,SE BORRARÍA,,BORRADO
7798009990172,7798009990172,MAIZ PISINGALLO EL TALAR X 400,si,SE BORRARÍA,,BORRADO
7798049540368,7798049540368,MAIZ PISINGALLO LA ABADIA x 400,si,SE BORRARÍA,,BORRADO
7798186032368,7798186032368,MALBADISCOS BILLIKEN X 200 GR,si,SE BORRARÍA,,BORRADO
7798332890255,7798332890255,MANI C/CASCARA JULI CROCK X KG,si,SE BORRARÍA,,BORRADO
7798112604140,7798112604140,MANI REPELADO SALADO GOOD SHOW X 93GR,si,SE BORRARÍA,,BORRADO
7794052000097,7794052000097,MANTECA ARROYO CABRAL X 100 GR,si,SE BORRARÍA,,BORRADO
7794052000059,7794052000059,MANTECA ARROYO CABRAL X 200,si,SE BORRARÍA,,BORRADO
7790787960651,7790787960651,MANTECA ILOLAY X 100GR,si,SE BORRARÍA,,BORRADO
070,070,MANTECA TONADITA SUELTA KG,si,SE BORRARÍA,,BORRADO
7702018983872,7702018983872,MAQUINA DE AFEITAR 3 FILOS PRESTOBARBA X2,si,SE BORRARÍA,,BORRADO
7798038945518,7798038945518,MASITAS CHIPS FRONTON X 250,si,SE BORRARÍA,,BORRADO
7790040128026,7790040128026,MASITAS CHOCOLINAS X 100 GR,si,SE BORRARÍA,,BORRADO
7790040139398,7790040139398,MASITAS CHOCOLINAS X 150 GR,si,SE BORRARÍA,,BORRADO
7790040377806,7790040377806,MASITAS CRIOLLITAS X 3,si,SE BORRARÍA,,BORRADO
7798126073291,7798126073291,MASITAS DO-RE-MI,si,SE BORRARÍA,,BORRADO
7793706000360,7793706000360,MASITAS DONINAS 5 SEMILLAS SIN TACC X 200,si,SE BORRARÍA,,BORRADO
7798359330086,7798359330086,MASITAS DONINAS COCO Y LECHE SIN TACC X 200,si,SE BORRARÍA,,BORRADO
7793706000421,7793706000421,MASITAS DONINAS FRUTOS SECOS SIN TACC X 200,si,SE BORRARÍA,,BORRADO
7798038943934,7798038943934,MASITAS FRONTON AVENA x 180,si,SE BORRARÍA,,BORRADO
7798038943927,7798038943927,MASITAS FRONTON AVENA Y PASAS x180,si,SE BORRARÍA,,BORRADO
7798038944375,7798038944375,MASITAS FRONTON CHIPS MAX x 150g,si,SE BORRARÍA,,BORRADO
7796624011685,7796624011685,MASITAS FRONTON MARIA DULCES X 3,si,SE BORRARÍA,,BORRADO
7798038945488,7798038945488,MASITAS FRONTON POLVORONES COCO/CHOC.,si,SE BORRARÍA,,BORRADO
7798038945471,7798038945471,MASITAS FRONTON POLVORONES LIMON,si,SE BORRARÍA,,BORRADO
7798038945495,7798038945495,MASITAS FRONTON POLVORONES NARANJA,si,SE BORRARÍA,,BORRADO
7798126073574,7798126073574,MASITAS GAONA NARANJITAS,si,SE BORRARÍA,,BORRADO
7790040133495,7790040133495,MASITAS MACUCAS X 110,si,SE BORRARÍA,,BORRADO
7790040720206,7790040720206,MASITAS MANA C/LECHE,si,SE BORRARÍA,,BORRADO
7790040133754,7790040133754,MASITAS MANA CH.,si,SE BORRARÍA,,BORRADO
7790040133242,7790040133242,MASITAS MANA RELLENAS CHOCOLATE X152 G,si,SE BORRARÍA,,BORRADO
7790040133259,7790040133259,MASITAS MANA RELLENAS LIMON X 152GR,si,SE BORRARÍA,,BORRADO
7791787000989,7791787000989,MASITAS PEPAS TRIO BESITOS X 350,si,SE BORRARÍA,,BORRADO
7798038943941,7798038943941,MASITAS SALVADO FRONTON X 3,si,SE BORRARÍA,,BORRADO
7790040138896,7790040138896,MASITAS SURT BAGLEY X 400,si,SE BORRARÍA,,BORRADO
7622201503963,7622201503963,MASITAS TERRABUSSI DORADA x 300,si,SE BORRARÍA,,BORRADO
7791787100900,7791787100900,MASITAS TRIO FRUTILLA X 300,si,SE BORRARÍA,,BORRADO
7791787100979,7791787100979,MASITAS TRIO FRUTOS X 300,si,SE BORRARÍA,,BORRADO
7791787001108,7791787001108,MASITAS TRIO OSKITO X 300G,si,SE BORRARÍA,,BORRADO
7791787000149,7791787000149,MASITAS TRIO TRICHIPS,si,SE BORRARÍA,,BORRADO
7798010260110,7798010260110,MASITAS VAINILLAS CARICIA X 155,si,SE BORRARÍA,,BORRADO
7790628102646,7790628102646,MASITAS VAINILLAS MAURI X 320,si,SE BORRARÍA,,BORRADO
7798126074335,7798126074335,MASITAS VALENCIANO SURTIDAS X 150GR,si,SE BORRARÍA,,BORRADO
7798126074359,7798126074359,MASITAS VALENCIANO VAINILLAS X 150GR,si,SE BORRARÍA,,BORRADO
7790150260821,7790150260821,"MATE COCIDO ""LITORAL"" X 25U",si,SE BORRARÍA,,BORRADO
7791775000694,7791775000694,MATE COCIDO CHEVALIER X 25,si,SE BORRARÍA,,BORRADO
7798028020287,7798028020287,MATE COCIDO PAJARO AZUL,si,SE BORRARÍA,,BORRADO
7791866000527,7791866000527,MAYONESA CADA DIA LHIGT X 250,si,SE BORRARÍA,,BORRADO
7791866000596,7791866000596,MAYONESA CADA DIA LHIGT X 500,si,SE BORRARÍA,,BORRADO
7798146138185,7798146138185,MAYONESA HEINS X 200GR,si,SE BORRARÍA,,BORRADO
7794000008915,7794000008915,MAYONESA HELMANS PICANTE X 250GR,si,SE BORRARÍA,,BORRADO
7794000006072,7794000006072,MAYONESA HELMANS X 475,si,SE BORRARÍA,,BORRADO
7793377000454,7793377000454,MAYONESA LAGRI.- DE SOL X 250,si,SE BORRARÍA,,BORRADO
7790130002755,7790130002755,MAYONESA MENOYO X 250,si,SE BORRARÍA,,BORRADO
7790130002809,7790130002809,MAYONESA MENOYO X 3KG,si,SE BORRARÍA,,BORRADO
7790130002762,7790130002762,MAYONESA MENOYO X 500,si,SE BORRARÍA,,BORRADO
7791866001357,7791866001357,MAYONESA NATURA X 1KG,si,SE BORRARÍA,,BORRADO
77958631,77958631,MENTHOPLUS CEREZA,si,SE BORRARÍA,,BORRADO
77958662,77958662,MENTHOPLUS MENTA,si,SE BORRARÍA,,BORRADO
77958648,77958648,MENTHOPLUS STRONG,si,SE BORRARÍA,,BORRADO
7798177410083,7798177410083,MERENGUES MINI X 100 GR,si,SE BORRARÍA,,BORRADO
7798003220428,7798003220428,MERLUZA MAREVCHIARE X 380gr,si,SE BORRARÍA,,BORRADO
7793046008613,7793046008613,MERMELADA DULCOR DUR. LHIGT POTE X 500,si,SE BORRARÍA,,BORRADO
7793046008033,7793046008033,MERMELADA DULCOR NAR. X 500,si,SE BORRARÍA,,BORRADO
7791113001192,7791113001192,MERMELADA EMETH CIRUELA LIGHT X 420,si,SE BORRARÍA,,BORRADO
7791113003356,7791113003356,MERMELADA EMETH DURAZNO X 420 GR,si,SE BORRARÍA,,BORRADO
64596456549,64596456549,MIEL PANAL BANDEJITA X 220GRS,si,SE BORRARÍA,,BORRADO
002,002,MIEL PURA X 1KG,si,SE BORRARÍA,,BORRADO
654554445,654554445,MILANESAS DE CALABAZA X 6,si,SE BORRARÍA,,BORRADO
7790040139251,7790040139251,MINI POLVORITAS SABOR VAINILLA 152GR,si,SE BORRARÍA,,BORRADO
897/777,897/777,MINITARTAS C/U,si,SE BORRARÍA,,BORRADO
0106,0106,MIX SEMILLAS KG,si,SE BORRARÍA,,BORRADO
0105,0105,MIX TROPICAL KG,si,SE BORRARÍA,,BORRADO
7798422620021,7798422620021,MONSTER ENERGY ZERO X 473CC,si,SE BORRARÍA,,BORRADO
1007084702751,1007084702751,MONSTER THE DOCTOR,si,SE BORRARÍA,,BORRADO
1007084703536,1007084703536,MONSTER ULTRA PARADISE,si,SE BORRARÍA,,BORRADO
1007084703703,1007084703703,MONSTER ULTRA SUNRISE,si,SE BORRARÍA,,BORRADO
1007084703123,1007084703123,MONSTER ULTRA WATERMELON,si,SE BORRARÍA,,BORRADO
070847032861,070847032861,MONSTER ULTRA ZERO,si,SE BORRARÍA,,BORRADO
7791866004211,7791866004211,MOSTAZA NATURA X 250GR,si,SE BORRARÍA,,BORRADO
7793897000095,7793897000095,NOQUIS DE PAPA JULI X 500,si,SE BORRARÍA,,BORRADO
7795711003589,7795711003589,ÑOQUIS QUIERO,si,SE BORRARÍA,,BORRADO
7790580132712,7790580132712,OBLEA ARCOR X 20GR,si,SE BORRARÍA,,BORRADO
7790580346614,7790580346614,OBLEA BON O BON X 30G,si,SE BORRARÍA,,BORRADO
7798126071273,7798126071273,OBLEA SINFONIA CHOCOLATE X 100,si,SE BORRARÍA,,BORRADO
7798126073598,7798126073598,OBLEA SINFONIA COCO X 100,si,SE BORRARÍA,,BORRADO
7798126072256,7798126072256,OBLEA SINFONIA DOS CHOCOLATES X 100,si,SE BORRARÍA,,BORRADO
7798126074175,7798126074175,OBLEA SINFONIA DULCE DE LECHE X 100,si,SE BORRARÍA,,BORRADO
7792153001067,7792153001067,OBLEAS KAAS VAIN. X 100,si,SE BORRARÍA,,BORRADO
7792153201528,7792153201528,OBLEAS KAAS X 100,si,SE BORRARÍA,,BORRADO
77903501,77903501,OBLEAS OPERA X 55G,si,SE BORRARÍA,,BORRADO
031,031,PALITOS DE ARROZ X 500,si,SE BORRARÍA,,BORRADO
GFGFGFGFGSDD,GFGFGFGFGSDD,PALITOS PEÑA SABOR PIZZA,si,SE BORRARÍA,,BORRADO
7798112602115,7798112602115,PALITOS SALADOS GOOD SHOW X 25 GR,si,SE BORRARÍA,,BORRADO
7798112201660,7798112201660,PALITOS SALADOS GOOD SHOW X 93 GR,si,SE BORRARÍA,,BORRADO
7798389290022,7798389290022,"PAN DE HAMBURGUESA CLASICO X 4 UN. ""EL ROCIO""",si,SE BORRARÍA,,BORRADO
0182,0182,PAN DE MIGA,si,SE BORRARÍA,,BORRADO
7798133021643,7798133021643,PAN DE PAPA C/SEMILLAS X 2,si,SE BORRARÍA,,BORRADO
7798133021667,7798133021667,PAN DE PAPA PANCETA X 2,si,SE BORRARÍA,,BORRADO
7798133021650,7798133021650,PAN DE PAPA PARMESANO X 2,si,SE BORRARÍA,,BORRADO
7798133021674,7798133021674,PAN DE PAPA VEGANO X 2,si,SE BORRARÍA,,BORRADO
7798439470206,7798439470206,PAN DE PAPA/QUESO HAMBUR RAICES DEL SUR X2,si,SE BORRARÍA,,BORRADO
7798133021315,7798133021315,PAN DE PAPAS C/SEMILLAS X 4,si,SE BORRARÍA,,BORRADO
7798133021308,7798133021308,PAN DE PAPAS PARMESANO X 4,si,SE BORRARÍA,,BORRADO
7798133021551,7798133021551,PAN DE PAPAS VEGANO X 4,si,SE BORRARÍA,,BORRADO
54646213,54646213,PAN DE PAPAS X2,si,SE BORRARÍA,,BORRADO
7790907000014,7790907000014,PAN DULCE BENJAMIN C/FRUTAS X 400 GR,si,SE BORRARÍA,,BORRADO
68435464598,68435464598,PAN DULCE DE PANADERIA,si,SE BORRARÍA,,BORRADO
6464645669999,6464645669999,PAN DULCE DOLCE BOLSITA,si,SE BORRARÍA,,BORRADO
684555555,684555555,PAN DULCE DOLCE CAJA,si,SE BORRARÍA,,BORRADO
7797648000983,7797648000983,PAN DULCE DON LORENZO C/CHIPS X 400,si,SE BORRARÍA,,BORRADO
7797648000129,7797648000129,PAN DULCE DON LORENZO C/FRUTAS X 400,si,SE BORRARÍA,,BORRADO
816855020786,816855020786,PAN DULCE FRONON C/CHIPS X 400GR,si,SE BORRARÍA,,BORRADO
7798126071044,7798126071044,PAN DULCE VALENCIANO C/CHIPS X 400,si,SE BORRARÍA,,BORRADO
7798126070986,7798126070986,PAN DULCE VALENCIANO C/FRUTAS X 400G,si,SE BORRARÍA,,BORRADO
7798133020035,7798133020035,PAN LACTAL AMASADO CON LECHE X 540GR,si,SE BORRARÍA,,BORRADO
7798164193180,7798164193180,PAN LACTAL BRIOCHE M/MAGO X560,si,SE BORRARÍA,,BORRADO
7798355480884,7798355480884,PAN LACTAL C/CANELA PASAS Y AVENA,si,SE BORRARÍA,,BORRADO
7798133020264,7798133020264,PAN LACTAL C/SEMILLAS X 400GR,si,SE BORRARÍA,,BORRADO
7798133020615,7798133020615,PAN LACTAL COMUN X 360GR,si,SE BORRARÍA,,BORRADO
742832347402,742832347402,PAN LACTAL DELI PAN MULTICEREALES,si,SE BORRARÍA,,BORRADO
7798133021506,7798133021506,PAN LACTAL INTEG. C/SEMILLAS X 540GR,si,SE BORRARÍA,,BORRADO
7798133020349,7798133020349,PAN LACTAL MASA MADRE X 400GR,si,SE BORRARÍA,,BORRADO
145648445848,145648445848,PAN LACTAL MULTISEMILLA TRIGO DE ORO,si,SE BORRARÍA,,BORRADO
7798133020042,7798133020042,PAN LACTAL SALVADO 360 GR,si,SE BORRARÍA,,BORRADO
7798133020202,7798133020202,PAN LACTAL SALVADO X 540GR.,si,SE BORRARÍA,,BORRADO
7797443000119,7797443000119,PAN PANCHO CRESPAN X 4,si,SE BORRARÍA,,BORRADO
7798038940766,7798038940766,PAN RAYADO PREFERIDO X 500,si,SE BORRARÍA,,BORRADO
7794626996931,7794626996931,PAÑALES HUGGIES M X8,si,SE BORRARÍA,,BORRADO
7794626998645,7794626998645,PAÑALES KIMBIES M X9,si,SE BORRARÍA,,BORRADO
7500435133319,7500435133319,PAÑALES PAMPERS M X8,si,SE BORRARÍA,,BORRADO
7798112001819,7798112001819,PAPAS FRITAS GOOD SHOW C/AMERICANO X 500 GR,si,SE BORRARÍA,,BORRADO
7798112601262,7798112601262,PAPAS FRITAS GOOD SHOW CLASICAS X 23 GR,si,SE BORRARÍA,,BORRADO
7798112601149,7798112601149,PAPAS FRITAS GOOD SHOW CLASICAS X 500 GR,si,SE BORRARÍA,,BORRADO
7798112601415,7798112601415,PAPAS GOOD SHOW PAY X 343 GR,si,SE BORRARÍA,,BORRADO
0170,0170,PAPAS PAY PEÑA X KG,si,SE BORRARÍA,,BORRADO
7793344904143,7793344904143,PAPEL ELEGANTE X 4,si,SE BORRARÍA,,BORRADO
7790250015222,7790250015222,PAPEL HIG HIGENOL SPORT X 6,si,SE BORRARÍA,,BORRADO
7798130889178,7798130889178,PAPEL HIG. VUAL X 1,si,SE BORRARÍA,,BORRADO
7798049590547,7798049590547,PAPEL HIGENICO GAMUZA X 1,si,SE BORRARÍA,,BORRADO
7798049590424,7798049590424,"PAPEL HIGIENICO ""GAMUZA"" X 80 MTS.",si,SE BORRARÍA,,BORRADO
7790250015864,7790250015864,PAPEL HIGIENICO HIGIENOL MAX X 50 MT,si,SE BORRARÍA,,BORRADO
7790250015826,7790250015826,PAPEL HIGIENICO HIGIENOL X 80 MT.,si,SE BORRARÍA,,BORRADO
7798130880175,7798130880175,PAPEL VUAL MAX 80 MTR,si,SE BORRARÍA,,BORRADO
646874984987,646874984987,PARACETAMOL X 500,si,SE BORRARÍA,,BORRADO
0247,0247,"PASCUALINA Q"" PASTAS",si,SE BORRARÍA,,BORRADO
7791130962094,7791130962094,PASTILLA HINOD. BELAROM,si,SE BORRARÍA,,BORRADO
7790360720382,7790360720382,PATE DE FOILE SWIFT,si,SE BORRARÍA,,BORRADO
1235,1235,PEBETES X 2,si,SE BORRARÍA,,BORRADO
6846494999,6846494999,PEDIDO,si,SE BORRARÍA,,BORRADO
0108,0108,PERAS DISECADAS,si,SE BORRARÍA,,BORRADO
7798009050081,7798009050081,PERAS RIO SALADO X 820,si,SE BORRARÍA,,BORRADO
7798262020227,7798262020227,PERAS ZUMMUN X820,si,SE BORRARÍA,,BORRADO
0185,0185,PERFUME MILLANEL X 30 ML,si,SE BORRARÍA,,BORRADO
0184,0184,PERFUME MILLANEL X 60 ML,si,SE BORRARÍA,,BORRADO
041,041,PERFUME P/ROPA CONCENTRADO,si,SE BORRARÍA,,BORRADO
45654426,45654426,PICADA DE FIAMBRES GRANDE,si,SE BORRARÍA,,BORRADO
7790360720122,7790360720122,PICADILLO LA BLANCA X 90 GR,si,SE BORRARÍA,,BORRADO
7798022224162,7798022224162,PICADILLO SAN REMO,si,SE BORRARÍA,,BORRADO
7790360720115,7790360720115,PICADILLO SWIFT X 90,si,SE BORRARÍA,,BORRADO
7793551000621,7793551000621,PICKLES MARVAVIC X 80GR,si,SE BORRARÍA,,BORRADO
7798094220994,7798094220994,PICNIC NEVARES,si,SE BORRARÍA,,BORRADO
0251,0251,PILA EUROENERGY AA,si,SE BORRARÍA,,BORRADO
0252,0252,PILA EUROENERGY AAA,si,SE BORRARÍA,,BORRADO
7791218123737,7791218123737,PIONONO ORALI X 180 G,si,SE BORRARÍA,,BORRADO
7798044150555,7798044150555,PIPAS GIGANTES X 50 GR,si,SE BORRARÍA,,BORRADO
0145,0145,PIZZA GRANDE TRIGO ORO C/U,si,SE BORRARÍA,,BORRADO
654644,654644,PIZZETAS X C/U,si,SE BORRARÍA,,BORRADO
7798333920029,7798333920029,PIZZETINES INTEGRALES X 250GR,si,SE BORRARÍA,,BORRADO
7798333920012,7798333920012,PIZZETINES TRADICIONALES X 250GR,si,SE BORRARÍA,,BORRADO
7798112505140,7798112505140,POCHOCLO GOOD SHOW CARAMELIZADO ESTUCHE X 90 GR,si,SE BORRARÍA,,BORRADO
7798112504150,7798112504150,POCHOCLO GOOD SHOW CARAMELIZADO X 90 GR,si,SE BORRARÍA,,BORRADO
7794270000138,7794270000138,POLENTA BARBARA 1MIN. X 500,si,SE BORRARÍA,,BORRADO
7798038940179,7798038940179,POLENTA FRONTON X 1KG,si,SE BORRARÍA,,BORRADO
7792665010434,7792665010434,POLENTA MONARCA X 500GR,si,SE BORRARÍA,,BORRADO
7798038943736,7798038943736,POLENTA RAPIDA FRONTON X 500,si,SE BORRARÍA,,BORRADO
7798314230437,7798314230437,POLENTA VERIZZIA X 500GR,si,SE BORRARÍA,,BORRADO
7794270802480,7794270802480,POLVO HORNEAR BARBARA X 50GR,si,SE BORRARÍA,,BORRADO
7793166103205,7793166103205,POSTRE BOMBOM SERRA X500 GR,si,SE BORRARÍA,,BORRADO
7798001560489,7798001560489,POSTRE CHOCOLATE CREMIGAL,si,SE BORRARÍA,,BORRADO
7798001562698,7798001562698,POSTRE CREMIGAL X 125GR,si,SE BORRARÍA,,BORRADO
7798001560496,7798001560496,POSTRE DULCE DE LECHE CREMIGAL,si,SE BORRARÍA,,BORRADO
7790070417879,7790070417879,POSTRE EXQUISITA CHOCOLATE X 80GR,si,SE BORRARÍA,,BORRADO
7790070417916,7790070417916,POSTRE EXQUISITA DULCE DE LECHE X 80GR,si,SE BORRARÍA,,BORRADO
666689689,666689689,POSTRES CASEROS,si,SE BORRARÍA,,BORRADO
7790895006104,7790895006104,POWER TROPICAL X 1LTR,si,SE BORRARÍA,,BORRADO
7790895640025,7790895640025,POWERADE AZUL X 500,si,SE BORRARÍA,,BORRADO
7790895640018,7790895640018,POWERADE MANZ.X500,si,SE BORRARÍA,,BORRADO
7798133020011,7798133020011,PRE PIZZA BAQURY X 2,si,SE BORRARÍA,,BORRADO
7790070508058,7790070508058,PREMESCLAS PARA TORTAS FRITAS X 500GR,si,SE BORRARÍA,,BORRADO
7798439470060,7798439470060,PREPIZZA RAICES DEL SUR X2,si,SE BORRARÍA,,BORRADO
096,096,PREPIZZA X 2,si,SE BORRARÍA,,BORRADO
7500435154772,7500435154772,PRESTOBARBA GILLETTE 3 FILOS,si,SE BORRARÍA,,BORRADO
7798171940364,7798171940364,PROFILACTICOS CAMALEON,si,SE BORRARÍA,,BORRADO
GKJGJKDJFRJFDPROV,GKJGJKDJFRJFDPROV,PROVENZAL BANDEJITA,si,SE BORRARÍA,,BORRADO
5616845699849,5616845699849,PUCHERO CHICO C/U,si,SE BORRARÍA,,BORRADO
46543468464,46543468464,PUCHERO GRANDE C/U,si,SE BORRARÍA,,BORRADO
7794000004122,7794000004122,PURE DE PAPAS KNOR ZAPALLO X 125gr,si,SE BORRARÍA,,BORRADO
7798287610229,7798287610229,PURE DE TOMATE BIG X 1040GR,si,SE BORRARÍA,,BORRADO
7798038945709,7798038945709,PURE DE TOMATE FRONTON X 520GR,si,SE BORRARÍA,,BORRADO
7790199603177,7790199603177,PURE MORIXE X 125 gr,si,SE BORRARÍA,,BORRADO
7798138554603,7798138554603,PURE TOM. MOLTO X 520 GR,si,SE BORRARÍA,,BORRADO
7795184001907,7795184001907,PURE TOM. NOEL X 520 GR,si,SE BORRARÍA,,BORRADO
7790036973357,7790036973357,PURE TOMATE 7 DIAS X 530,si,SE BORRARÍA,,BORRADO
7797470000588,7797470000588,PURE TOMATE MAROLIO X 520GR,si,SE BORRARÍA,,BORRADO
7798156760062,7798156760062,PURE TOMATE SABORES DEL VALLE X 520GR,si,SE BORRARÍA,,BORRADO
7798022222038,7798022222038,PURE TOMATE SAN REMO X 520 GR,si,SE BORRARÍA,,BORRADO
7790123001109,7790123001109,PURE TOMATE VIGENTE X 520,si,SE BORRARÍA,,BORRADO
7794000004139,7794000004139,PURER PAPAS KNOR X 125,si,SE BORRARÍA,,BORRADO
451554986656,451554986656,"QUESO BARRA ""NOALSA"" KG",si,SE BORRARÍA,,BORRADO
7798060852570,7798060852570,QUESO CLASICO UNTABLE TONADITA,si,SE BORRARÍA,,BORRADO
066,066,QUESO CREMOSO ARROYO CABRAL,si,SE BORRARÍA,,BORRADO
053,053,QUESO CREMOSO HERBAL KG,si,SE BORRARÍA,,BORRADO
6734423,6734423,QUESO CREMOSO NOALSA KG,si,SE BORRARÍA,,BORRADO
EUG54454559666,EUG54454559666,QUESO CREMOSO SAN BENITO X KG,si,SE BORRARÍA,,BORRADO
0311,0311,QUESO CRIOLLO PATEGRAS KG,si,SE BORRARÍA,,BORRADO
083,083,QUESO FYMBO ARROLLO CABRAL KG,si,SE BORRARÍA,,BORRADO
086,086,QUESO HOLANDA ARROYO CABRAL KG,si,SE BORRARÍA,,BORRADO
0188,0188,QUESO POR SALUT ESTILO REAL KG,si,SE BORRARÍA,,BORRADO
7798308270050,7798308270050,QUESO RAYADO BRESCIA LAT X 40GR,si,SE BORRARÍA,,BORRADO
046,046,QUESO SARDO ARROYO CABRAL KG,si,SE BORRARÍA,,BORRADO
KFJDKJDGJGJKFKDDKD,KFJDKJDGJGJKFKDDKD,QUESO SARDO SAN BENITO X KG,si,SE BORRARÍA,,BORRADO
727373124170,727373124170,QUESO UNTABLE HERBAL X 190ML,si,SE BORRARÍA,,BORRADO
7798060854017,7798060854017,QUESO UNTABLE TONADITA 4 QUESOS X 180GR,si,SE BORRARÍA,,BORRADO
7798060852587,7798060852587,QUESO UNTABLE TONADITA AZUL,si,SE BORRARÍA,,BORRADO
7798060853010,7798060853010,QUESO UNTABLE TONADITA AZUL X 180GR,si,SE BORRARÍA,,BORRADO
7798060853003,7798060853003,QUESO UNTABLE TONADITA CLASICO X 180GR,si,SE BORRARÍA,,BORRADO
7798060853034,7798060853034,QUESO UNTABLE TONADITA GRUYERE X 180GR,si,SE BORRARÍA,,BORRADO
7798060852563,7798060852563,QUESO UNTABLE TONADITA JAMON,si,SE BORRARÍA,,BORRADO
7798060852990,7798060852990,QUESO UNTABLE TONADITA JAMON X 180GR,si,SE BORRARÍA,,BORRADO
7798060853027,7798060853027,QUESO UNTABLE TONADITA REDUCIDO X 180GR,si,SE BORRARÍA,,BORRADO
7792798007400,7792798007400,QUILMES NEGRA STOUT X LT,si,SE BORRARÍA,,BORRADO
7791274005305,7791274005305,QUITAESMALTE ALGABO X 100,si,SE BORRARÍA,,BORRADO
7790828002913,7790828002913,QUITAMANCHAS GIGANTE BARRA,si,SE BORRARÍA,,BORRADO
7791218123799,7791218123799,RAPIDITAS ORALI,si,SE BORRARÍA,,BORRADO
7791218124208,7791218124208,RAPIDITAS ORALI CHEDDAR,si,SE BORRARÍA,,BORRADO
7791218123805,7791218123805,RAPIDITAS ORALI INTEGRAL,si,SE BORRARÍA,,BORRADO
7791218124192,7791218124192,RAPIDITAS ORALI PIZZA,si,SE BORRARÍA,,BORRADO
7798094225616,7798094225616,RAPSODIA MINI TORTA X 80GR,si,SE BORRARÍA,,BORRADO
7798118140161,7798118140161,"RAVIOLES ""DI PASCUALLE POLLO Y VERDURAS X 500G",si,SE BORRARÍA,,BORRADO
7798118140413,7798118140413,"RAVIOLES ""DI PASCUALLE"" CARNE Y VERDURAS X 500G",si,SE BORRARÍA,,BORRADO
7798118140444,7798118140444,"RAVIOLES ""DI PASCUALLE"" RICOTTA X 500G",si,SE BORRARÍA,,BORRADO
7798140400103,7798140400103,"RAVIOLES ""LA REINA"" VERD.",si,SE BORRARÍA,,BORRADO
7798140400127,7798140400127,"RAVIOLES ""LA REYNA"" POLLO",si,SE BORRARÍA,,BORRADO
7798140400110,7798140400110,"RAVIOLES ""LA REYNA"" RICOTA",si,SE BORRARÍA,,BORRADO
7798118140437,7798118140437,RAVIOLES DI PASCUALLE CARNE Y VERDURAS X KG,si,SE BORRARÍA,,BORRADO
7798118140468,7798118140468,RAVIOLES DI PASCUALLE JAMON Y QUESO X 500G,si,SE BORRARÍA,,BORRADO
7798118140178,7798118140178,RAVIOLES DI PASCUALLE POLLO Y VERDURA X KG,si,SE BORRARÍA,,BORRADO
7791218123676,7791218123676,RAVIOLES ESPINACA TIO RAULIO X 500,si,SE BORRARÍA,,BORRADO
7791218122631,7791218122631,RAVIOLES ORALI ESPIN.,si,SE BORRARÍA,,BORRADO
7791218122617,7791218122617,RAVIOLES ORALI POLLO,si,SE BORRARÍA,,BORRADO
7791218124437,7791218124437,RAVIOLES PRECIO DE FABRICA RICOTA X 450GR,si,SE BORRARÍA,,BORRADO
7790070411549,7790070411549,REBOSADOR PREFERIDO X 500 GR,si,SE BORRARÍA,,BORRADO
7790047000196,7790047000196,REPELENTE ESCUDO AEROSOL,si,SE BORRARÍA,,BORRADO
7791290786554,7791290786554,REPELENTE LIVOPENT AERO X 165 ml,si,SE BORRARÍA,,BORRADO
7790520009494,7790520009494,REPELENTE OFF AEROSOL X 165 CC,si,SE BORRARÍA,,BORRADO
7790520998934,7790520998934,REPELENTE OFF CREMA X 196 GR,si,SE BORRARÍA,,BORRADO
77980755,77980755,REPELENTE OFF CREMA X 60,si,SE BORRARÍA,,BORRADO
7790520025395,7790520025395,REPELENTE OFF EN AEROSOL 170CM3,si,SE BORRARÍA,,BORRADO
77995681,77995681,RHODESIA TERRABUSI,si,SE BORRARÍA,,BORRADO
7794000004467,7794000004467,RINDE MAS 3 EN 1,si,SE BORRARÍA,,BORRADO
7791070005615,7791070005615,ROLLO COCINA CAMPANITA X 200 PAÑOS,si,SE BORRARÍA,,BORRADO
7791828000138,7791828000138,ROLLO DE COCINA FELPITA X 3,si,SE BORRARÍA,,BORRADO
7791070003222,7791070003222,ROLLO SOL MAYOR X 3,si,SE BORRARÍA,,BORRADO
7791818001718,7791818001718,ROLLO VUAL X 3,si,SE BORRARÍA,,BORRADO
7790250092322,7790250092322,ROLLOS DE PAPEL NOBLE X 3,si,SE BORRARÍA,,BORRADO
0259,0259,ROSCA PANADERIA,si,SE BORRARÍA,,BORRADO
0186,0186,ROSCA PASCUA,si,SE BORRARÍA,,BORRADO
7790895640452,7790895640452,SABORIZADA AQUARIUS MANZANA X 500,si,SE BORRARÍA,,BORRADO
7790895640445,7790895640445,SABORIZADA AQUARIUS PERA X 500,si,SE BORRARÍA,,BORRADO
7798065730361,7798065730361,"SABORIZADA SIERRA DE LOS P. MANZ X 1,5",si,SE BORRARÍA,,BORRADO
7798065730323,7798065730323,"SABORIZADA SIERRA DE LOS P. NAR. X 1,5",si,SE BORRARÍA,,BORRADO
7798065733706,7798065733706,"SABORIZADA SIERRA DE LOS P. TONICA X 1,5",si,SE BORRARÍA,,BORRADO
7792900000138,7792900000138,SAL FINA DOS ANCLAS ESTUCHE X 500,si,SE BORRARÍA,,BORRADO
7790040138285,7790040138285,SALADIX BARBACOA X 100,si,SE BORRARÍA,,BORRADO
7790040374607,7790040374607,SALADIX DUO X 100,si,SE BORRARÍA,,BORRADO
050,050,SALAMIN LA CASONA C/U,si,SE BORRARÍA,,BORRADO
7793040065728,7793040065728,SALCHICHA CARCARAÑA X 6,si,SE BORRARÍA,,BORRADO
7792388000187,7792388000187,SALCHICHA DON OTTO,si,SE BORRARÍA,,BORRADO
7794110097205,7794110097205,SALCHICHA MEALLA X 6,si,SE BORRARÍA,,BORRADO
35436,35436,SALCHICHAS ENRROLLADAS C/U,si,SE BORRARÍA,,BORRADO
7790360026002,7790360026002,SALCHIHAS LA BLANCA X 6,si,SE BORRARÍA,,BORRADO
7791775000212,7791775000212,SALSA BLANCA CHEVALIER X 40GR,si,SE BORRARÍA,,BORRADO
7790580133177,7790580133177,SALSA CAMPANOGLA FILETO X 340GR,si,SE BORRARÍA,,BORRADO
7794000004764,7794000004764,SALSA CICA TUCO X 340 GR,si,SE BORRARÍA,,BORRADO
4545623325,4545623325,SALSA CRIOLLA GRANDE,si,SE BORRARÍA,,BORRADO
7794000007406,7794000007406,SALSA DE PIZZA KNORR X 200G,si,SE BORRARÍA,,BORRADO
7791866000480,7791866000480,SALSA GOLF NATURA X 250,si,SE BORRARÍA,,BORRADO
7794000006973,7794000006973,SALSA GOLFT HELMANS´X 250,si,SE BORRARÍA,,BORRADO
7794000004771,7794000004771,SALSA LISTA CICA PORT. X 340,si,SE BORRARÍA,,BORRADO
7795184946710,7795184946710,SALSA LISTA NOEL PIZZA X 340 gr,si,SE BORRARÍA,,BORRADO
7795184945904,7795184945904,SALSA LISTA NOEL POM. X 340gr,si,SE BORRARÍA,,BORRADO
7794000006270,7794000006270,SALSA LISTA PIZZA X 340,si,SE BORRARÍA,,BORRADO
451853455,451853455,SAMDWICHE MILANESA DMM,si,SE BORRARÍA,,BORRADO
0147,0147,SANDIA POSTRE C/U,si,SE BORRARÍA,,BORRADO
507887,507887,SANDWICHE ARABE DMM,si,SE BORRARÍA,,BORRADO
4625446255,4625446255,SANDWICHES MIGA LENGUA DMM,si,SE BORRARÍA,,BORRADO
01355454,01355454,SANDWICHES MIGA MIXTO BONDIOLA DMM,si,SE BORRARÍA,,BORRADO
65468468469,65468468469,SANDWICHES MIGA MIXTO MILAN DMM,si,SE BORRARÍA,,BORRADO
5448848455415,5448848455415,SANDWICHES MIGA ROQUEFORT DMM,si,SE BORRARÍA,,BORRADO
7791728243871,7791728243871,SANTA JULIA CABERNET SUAV. X 750,si,SE BORRARÍA,,BORRADO
77928870,77928870,SAPITOS X 10GR,si,SE BORRARÍA,,BORRADO
7798038941848,7798038941848,SARDINAS FRONTON X 125,si,SE BORRARÍA,,BORRADO
7794000004931,7794000004931,SASONADOR BARBACOA BOLSA HORNO X34GR,si,SE BORRARÍA,,BORRADO
7794000006478,7794000006478,SAVORA X 250 GR,si,SE BORRARÍA,,BORRADO
0245,0245,SECADOR PLATC HOUSE 40 CM,si,SE BORRARÍA,,BORRADO
7798048720952,7798048720952,SEMOLA DE TRIGO ELIO X 400 GR,si,SE BORRARÍA,,BORRADO
7790070318886,7790070318886,SEMOLA VITINA CLASICA X 250,si,SE BORRARÍA,,BORRADO
7791293039725,7791293039725,SH SEDAL X 120 ml,si,SE BORRARÍA,,BORRADO
7791293033358,7791293033358,SH TRESEME HIDRAT. X 200 ml,si,SE BORRARÍA,,BORRADO
7791293027869,7791293027869,SHAMPOO SUAVE NIÑOS FRUTILLA X 350,si,SE BORRARÍA,,BORRADO
7790154000652,7790154000652,SIDRA DEL VALLE X 720,si,SE BORRARÍA,,BORRADO
7791305500014,7791305500014,SIDRA TUNUYAN X 910,si,SE BORRARÍA,,BORRADO
7791677000082,7791677000082,"SODA ESTAMBUL X 1,5 LTR",si,SE BORRARÍA,,BORRADO
7791677001119,7791677001119,"SODA ESTAMBUL X 1,75ML",si,SE BORRARÍA,,BORRADO
7798060140561,7798060140561,"SODA IVESS SIFON X 1,750",si,SE BORRARÍA,,BORRADO
7798340590031,7798340590031,SODA SIFON ASUNCION X 2 LTR,si,SE BORRARÍA,,BORRADO
7793653231558,7793653231558,"SODA TORASSO X 2,250",si,SE BORRARÍA,,BORRADO
7790150441282,7790150441282,SOPA ALICANTE ARROZ CON POLLO X 63GR,si,SE BORRARÍA,,BORRADO
7790150440438,7790150440438,SOPA ALICANTE FIDEOS Y VEGETALES X 72GR,si,SE BORRARÍA,,BORRADO
7794000005846,7794000005846,SOPA CACERA KNOR VEG/CAR.,si,SE BORRARÍA,,BORRADO
7790150440193,7790150440193,SOPA CREMA ALICANTE SABOR ZAPALLO X 73GR,si,SE BORRARÍA,,BORRADO
7794000005907,7794000005907,SOPA KNOR CEBOLLA,si,SE BORRARÍA,,BORRADO
7794000005877,7794000005877,SOPA KNOR VEGETALES,si,SE BORRARÍA,,BORRADO
7794000004337,7794000004337,SOPA KNOR ZAPALLO,si,SE BORRARÍA,,BORRADO
7794000004214,7794000004214,SOPAS QUICK ESP.,si,SE BORRARÍA,,BORRADO
7791218124727,7791218124727,SORRENTINOS ORALI RICOTA Y ESPINACA X 500GR,si,SE BORRARÍA,,BORRADO
7798131250021,7798131250021,SUAVIZANTE HEROE X 900 [7798131250021],si,SE BORRARÍA,,BORRADO
7790990000588,7790990000588,SUAVIZANTE SUAVE X 3LTR,si,SE BORRARÍA,,BORRADO
7791290791350,7791290791350,SUAVIZANTE VIVERE X 3LTR,si,SE BORRARÍA,,BORRADO
7791787100993,7791787100993,SURTIDAS TRIO X 350GR,si,SE BORRARÍA,,BORRADO
7791293044507,7791293044507,TALCO REXONA EFICENT FRESH X 200gr,si,SE BORRARÍA,,BORRADO
7793897000026,7793897000026,TALLARINES AL HUEVO TAPALIN X 500,si,SE BORRARÍA,,BORRADO
7798118140253,7798118140253,"TALLARINES FRESCOS ""DI PASCUALLE"" X 500G",si,SE BORRARÍA,,BORRADO
7798140400141,7798140400141,TALLARINES FRESCOS TAPALIN,si,SE BORRARÍA,,BORRADO
7791218000021,7791218000021,TAPAS P/ EMPANADAS HOJALDRE X12,si,SE BORRARÍA,,BORRADO
7791218000052,7791218000052,TAPAS P/ EMPANADAS HOJALDRE X2,si,SE BORRARÍA,,BORRADO
7791218000014,7791218000014,TAPAS P/EMPANADAS FREIR ORALI X12,si,SE BORRARÍA,,BORRADO
7791218000144,7791218000144,"TAPAS P/PASCUALINA TIPO CRIOLLA ""ORALI""",si,SE BORRARÍA,,BORRADO
0238,0238,TAPITAS DE ALFAJORES MAICENA FANTOCHE KG,si,SE BORRARÍA,,BORRADO
458669,458669,TARTA JYQ DMM,si,SE BORRARÍA,,BORRADO
5846446,5846446,TARTAS REDONDAS C/U,si,SE BORRARÍA,,BORRADO
17790170929644,17790170929644,"TE DE MANZANILLA ""MORENITA"" X 20 SAQUITOS",si,SE BORRARÍA,,BORRADO
7790150231173,7790150231173,"TE ISLAND ""LA VIRGINIA"" X 25 SAQ.",si,SE BORRARÍA,,BORRADO
7790170929647,7790170929647,TE LA MORENITA MANZANILLA X 25,si,SE BORRARÍA,,BORRADO
7791680301107,7791680301107,TE NEGRO LA HOJA X 25,si,SE BORRARÍA,,BORRADO
7790480000449,7790480000449,TE NEGRO LA TRANQUERA X 25,si,SE BORRARÍA,,BORRADO
7790480000456,7790480000456,TE NEGRO LA TRANQUERA X 50 U.,si,SE BORRARÍA,,BORRADO
7790411000142,7790411000142,TE ROSAMONTE NEGRO X 25,si,SE BORRARÍA,,BORRADO
7790940216205,7790940216205,TOALLAS DONCELLA TANGA X 8,si,SE BORRARÍA,,BORRADO
7500435178839,7500435178839,TOALLAS FEM. ALWAYS X 8,si,SE BORRARÍA,,BORRADO
7791573000018,7791573000018,TOMATE TRITURADO BALLESTA X 1KG,si,SE BORRARÍA,,BORRADO
7798010590019,7798010590019,TOMATE TRITURADO DANMARCO X 1KG,si,SE BORRARÍA,,BORRADO
7798143960505,7798143960505,TOMATE TRITURADO HORVINDUL BOTELLA,si,SE BORRARÍA,,BORRADO
7792153201818,7792153201818,TOMATE TRITURADO LOS POLACOS X 950GR,si,SE BORRARÍA,,BORRADO
7798038944214,7798038944214,TOMATES ENTEROS FINCA DEL REY X 400,si,SE BORRARÍA,,BORRADO
7795184003901,7795184003901,TOMATES ENTEROS NOEL X 400,si,SE BORRARÍA,,BORRADO
7790580567903,7790580567903,TOMATES PERITAS ARCOR X 400GR,si,SE BORRARÍA,,BORRADO
7798038942111,7798038942111,TOOSTADAS SIN SAL FRONTON,si,SE BORRARÍA,,BORRADO
541546464,541546464,TORPEDO C/U,si,SE BORRARÍA,,BORRADO
1258964,1258964,TORTA BIZCOCHUELO (PANADERIA),si,SE BORRARÍA,,BORRADO
0248,0248,TORTA BOMBOM O PASTAFLORA PANADERIA,si,SE BORRARÍA,,BORRADO
7798355480570,7798355480570,TORTILLAS DELI PAN ESPINACA,si,SE BORRARÍA,,BORRADO
7798355480587,7798355480587,TORTILLAS DELIPAN INTEGRAL,si,SE BORRARÍA,,BORRADO
7891962060453,7891962060453,TOSTADAS BAUDUCO CLASICA X 142GR,si,SE BORRARÍA,,BORRADO
7891962060460,7891962060460,TOSTADAS BAUDUCO INTEGRAL X 145GR,si,SE BORRARÍA,,BORRADO
7891962060477,7891962060477,TOSTADAS BAUDUCO MULTIGRANOS X 142GR,si,SE BORRARÍA,,BORRADO
7798038943866,7798038943866,TOSTADAS FRONTON C/SALVADO X 200,si,SE BORRARÍA,,BORRADO
7798038942098,7798038942098,TOSTADAS FRONTON DE MESA X 200,si,SE BORRARÍA,,BORRADO
7794836001104,7794836001104,TOSTADITAS DE ARROZ LHIGT X 120,si,SE BORRARÍA,,BORRADO
7798146300308,7798146300308,TOSTADITAS DE ARROZ LULEMUU X 120,si,SE BORRARÍA,,BORRADO
7797376004062,7797376004062,TRAPO DE PISO HOGAR 50X60,si,SE BORRARÍA,,BORRADO
7791747000073,7791747000073,TRAPO PISO GRIS 50X60,si,SE BORRARÍA,,BORRADO
7798027601005,7798027601005,TRAPO REGILLA MARILU 40X40,si,SE BORRARÍA,,BORRADO
7791787101051,7791787101051,TRIO MARQUISE FRUTOS DEL BOSQUE,si,SE BORRARÍA,,BORRADO
0410,0410,TURRON DE ARROZ DULCITA,si,SE BORRARÍA,,BORRADO
7790380003809,7790380003809,"TURRON DE MANI ""GEORGALOS"" 25GR",si,SE BORRARÍA,,BORRADO
7798186032924,7798186032924,TURRONES BILLIKEN C/U,si,SE BORRARÍA,,BORRADO
7798290580113,7798290580113,TUTTI MULTIFRUTA X 200ML,si,SE BORRARÍA,,BORRADO
7790628102684,7790628102684,VAINILLAS MAURI X 80 GR,si,SE BORRARÍA,,BORRADO
7798130560398,7798130560398,VELAS CORTAS X 4,si,SE BORRARÍA,,BORRADO
7798160570022,7798160570022,VELAS JACARANDA X 4,si,SE BORRARÍA,,BORRADO
7793049100239,7793049100239,VELAS LARGAS VILLA IRIS 4 UNIDADES,si,SE BORRARÍA,,BORRADO
7790590016354,7790590016354,VELAS RANCHERAS X 68 GR,si,SE BORRARÍA,,BORRADO
7795422002109,7795422002109,VINAGRE ALCOHOL FRAU X 1LTR,si,SE BORRARÍA,,BORRADO
7791146000124,7791146000124,VINAGRE ANTELLA MANZANA X 1LT,si,SE BORRARÍA,,BORRADO
7790139101138,7790139101138,VINAGRE FAVINCO ALCOHOL X 1LTR,si,SE BORRARÍA,,BORRADO
7796504000099,7796504000099,VINAGRE MANZANA HALCONERO X 500,si,SE BORRARÍA,,BORRADO
7798022222571,7798022222571,VINAGRE MANZANA SAN REMO X 500,si,SE BORRARÍA,,BORRADO
7798022227019,7798022227019,VINAGRE SAN REMO X 5LTR,si,SE BORRARÍA,,BORRADO
7798022222564,7798022222564,VINAGRE SAN REMO X 960 ML,si,SE BORRARÍA,,BORRADO
7790240017045,7790240017045,VINO ALARIS MALVEC X 750,si,SE BORRARÍA,,BORRADO
736684223700,736684223700,VINO ALCAHUETE MALVEC X 750,si,SE BORRARÍA,,BORRADO
7794450004239,7794450004239,VINO BRAVIO MALVEC X 750,si,SE BORRARÍA,,BORRADO
7790314073199,7790314073199,VINO CANCILLER BLEND,si,SE BORRARÍA,,BORRADO
7790314000232,7790314000232,VINO CANCILLER MALBEC,si,SE BORRARÍA,,BORRADO
7795232000722,7795232000722,VINO CAPITAN MANDA X 750,si,SE BORRARÍA,,BORRADO
7798353194653,7798353194653,VINO CORDERO C/ PIEL DE LOBO MALBEC X 750,si,SE BORRARÍA,,BORRADO
7791540044502,7791540044502,VINO DADA 1 X 700,si,SE BORRARÍA,,BORRADO
7790984004851,7790984004851,VINO DESIGUAL CABERNET FRANC X 750ML,si,SE BORRARÍA,,BORRADO
656750766095,656750766095,VINO DON NADIE X 750,si,SE BORRARÍA,,BORRADO
7798366220028,7798366220028,VINO EL GORDO MOTONETA X 700,si,SE BORRARÍA,,BORRADO
7790240128598,7790240128598,VINO FINCA LAS MORA MALVEC X 750,si,SE BORRARÍA,,BORRADO
7790113026709,7790113026709,VINO GALLO CAIO BLEND X 750,si,SE BORRARÍA,,BORRADO
7798165080113,7798165080113,VINO LA IRIDE PLATA MALVEC X 750,si,SE BORRARÍA,,BORRADO
7790975017518,7790975017518,VINO LATITUD 33 X 750,si,SE BORRARÍA,,BORRADO
7790415002760,7790415002760,VINO LOLA RED BLEND X 750,si,SE BORRARÍA,,BORRADO
7798322690780,7798322690780,VINO LOS CORCELES X 700,si,SE BORRARÍA,,BORRADO
7798107412583,7798107412583,"VINO MALBEC ""ETNIA"" X750ML",si,SE BORRARÍA,,BORRADO
7790984004820,7790984004820,VINO MALBEC DESIGUAL X 750ML,si,SE BORRARÍA,,BORRADO
7791093000017,7791093000017,VINO MICHEL TORINO SELECCION X 700,si,SE BORRARÍA,,BORRADO
7798051300189,7798051300189,VINO OMNIUM CAB. SUAV.,si,SE BORRARÍA,,BORRADO
7795232000388,7795232000388,VINO PARECE PERO NO LO ES X 700,si,SE BORRARÍA,,BORRADO
7790984000051,7790984000051,VINO PICO DE ORO TINTO X 1LTR,si,SE BORRARÍA,,BORRADO
0190,0190,VINO POTRERILLO BONARDA SYRA X 750,si,SE BORRARÍA,,BORRADO
985,985,VINO POTRERILLOS MALVEC X 1250,si,SE BORRARÍA,,BORRADO
7790314078316,7790314078316,VINO RESERO BCO DULCE X 1250,si,SE BORRARÍA,,BORRADO
7790314057038,7790314057038,VINO RESERO ROSADO TETRA X 1LTR,si,SE BORRARÍA,,BORRADO
7790314057021,7790314057021,VINO RESERO TETRA BCO X1LTR,si,SE BORRARÍA,,BORRADO
7790314061080,7790314061080,VINO RESERO TINTO BOTELLON X 1125,si,SE BORRARÍA,,BORRADO
7790314079054,7790314079054,VINO TORO TINTO X 700,si,SE BORRARÍA,,BORRADO
7798322690810,7798322690810,VINO TOXICO X 750,si,SE BORRARÍA,,BORRADO
7798370260027,7798370260027,VINO VICENT X 750,si,SE BORRARÍA,,BORRADO
7790984004707,7790984004707,VINO VIÑAS Y PARRALES CABERNET SAUVIGNON X 750,si,SE BORRARÍA,,BORRADO
7790070509024,7790070509024,YERBA CHAMIGO HIERBAS CERRANAS X 500,si,SE BORRARÍA,,BORRADO
7790070509062,7790070509062,YERBA CRUZ DE MALTA MENTA BOLDO X 500,si,SE BORRARÍA,,BORRADO
786071065949,786071065949,YERBA DON OMAR X 1KG,si,SE BORRARÍA,,BORRADO
709081096529,709081096529,YERBA DON OMAR X 500,si,SE BORRARÍA,,BORRADO
736372546388,736372546388,YERBA HALIME X 500,si,SE BORRARÍA,,BORRADO
7790387015607,7790387015607,YERBA LA MERCED CAMPO X 500,si,SE BORRARÍA,,BORRADO
7790480089741,7790480089741,YERBA LA TRANQUERA X 1 KG,si,SE BORRARÍA,,BORRADO
7790573000271,7790573000271,YERBA MATE ROJO X1KG,si,SE BORRARÍA,,BORRADO
7792198006621,7792198006621,YERBA NATURA X 500,si,SE BORRARÍA,,BORRADO
7790512000072,7790512000072,YERBA NUÑEZ X 500,si,SE BORRARÍA,,BORRADO
7798028020270,7798028020270,YERBA PAJARO AZUL X 500,si,SE BORRARÍA,,BORRADO
7798056950174,7798056950174,YERBA REINA X 500,si,SE BORRARÍA,,BORRADO
7790070508522,7790070508522,YERBA SALUS X 500,si,SE BORRARÍA,,BORRADO
786071065932,786071065932,YERBA SECADERO X 1KG,si,SE BORRARÍA,,BORRADO
664697110826,664697110826,YERBA SECADERO X 500,si,SE BORRARÍA,,BORRADO
7790387014310,7790387014310,YERBA UNION X 1 KG,si,SE BORRARÍA,,BORRADO
7790480000036,7790480000036,YERBA YO-LA-VI X 500,si,SE BORRARÍA,,BORRADO
7791058790342,7791058790342,YOGURT FIRME MANFREY FRUTILLA X 120GR,si,SE BORRARÍA,,BORRADO
7791058790359,7791058790359,YOGURT FIRME MANFREY VAINILLA X 140GR,si,SE BORRARÍA,,BORRADO
7798001562353,7798001562353,YOGURT FRUTILLA CREMIGAL,si,SE BORRARÍA,,BORRADO
7790787004492,7790787004492,YOGURT ILOLAY COLCHON FRUTAS DUR. X 150,si,SE BORRARÍA,,BORRADO
7790787004485,7790787004485,YOGURT ILOLAY COLCHON FRUTAS FRUT X 150,si,SE BORRARÍA,,BORRADO
7790787960545,7790787960545,YOGURT ILOLAY FRUTILLA Y KIWI X 1LTR,si,SE BORRARÍA,,BORRADO
7790787960637,7790787960637,YOGURT ILOLAY TETRA X 185,si,SE BORRARÍA,,BORRADO
7790787960521,7790787960521,YOGURT ILOLAY VAINILLA X 1 LTR,si,SE BORRARÍA,,BORRADO
7798001560632,7798001560632,YOGURT VAINILLA POTE CREMIGAL C/CEREALES,si,SE BORRARÍA,,BORRADO
6546979,6546979,ZAPALLITOS RELLENOS,si,SE BORRARÍA,,BORRADO
