CODIGO;DESCRIPCION;BARRAS;FAMILIA;PRECIO;COSTO;STOCK
1001;Coca Cola 2.25 L;7790895000010;Bebidas;4.500,00;3.000,00;24
1002;Agua Mineral 500 cc;7790895000027;BEBIDAS;1.200,50;;12
1003;Fideos Tirabuzón 500 g;;Almacen;980,00;650,00;40
1004;Aceite Girasol 900 cc;7790070411234;Aceites;3.100,00;2.200,00;0
1005;Sal Fina 500 g;;;450,00;300,00;15
1006;Yerba Mate 1 kg;7790387000014;Infusiones;5.200,00;3.900,00;18
1007;Galletitas Surtidas;7790895000010;Galletitas;1.800,00;1.200,00;30
1003;Fideos Moñitos 500 g;7791234500001;Almacen;990,00;700,00;5
1008;;7790000000008;Almacen;100,00;50,00;1
1009;Producto sin precio;7790000000015;Almacen;;;3
1010;Gaseosa Fraccionada;7790000000022;Bebidas;1.000,00;;2,5
1011;Cerveza Negativa;;Bebidas;2.000,00;1.400,00;-4
1012;Aceitunas Rellenas 300 g;7790000000039;Conservas;2.750,00;1.900,00;8
1013;Chorizo Parrillero Envasado;;Cerdo;3.300,00;;6
